nombre_campo,longitud,tipo,nemónico,catálogo,rango_claves 
"Número de UPM","7","C","upm","","0100017 - 3260769"
"Número de vivienda seleccionada","2","C","viv_sel","","01-23"
"Número de Hogar","1","C","hogar","","1-5"
"Número de renglón de la persona de la entrevista individual","2","C","n_ren","","01-20"
"Entidad","2","C","ent","","01-32"
"Sexo","1","C","sexo","sexo","1-2"
"Edad verificada","2","C","edad_v","","12-97"
"Pregunta P4.1 ¿Usted habla algún dialecto o lengua indígena?","1","C","p4_1","p4_1","1,2"
"Pregunta P4.1a ¿Cuál?","4","C","p4_1c","","0200 - 7000, 9999"
"Pregunta P4.2 ¿Usted sabe leer y escribir un recado?","1","C","p4_2","p4_2","1,2"
"Pregunta NIV ¿Hasta qué año o grado aprobó usted en la escuela? - NIVEL","1","C","niv","niv","0-9"
"Pregunta GRA ¿Hasta qué año o grado aprobó usted en la escuela? - GRADO","1","C","gra","gra","0,1-9"
"Pregunta P4.4 ¿Actualmente usted…","1","C","p4_4","p4_4","1-6"
"Pregunta P4.5 Por sus costumbres y tradiciones, ¿usted se considera indígena?","1","C","p4_5","p4_5","1,2,9"
"Pregunta P4.6 ¿Se considera indígena…","1","C","p4_6","p4_6","1-5"
"Pregunta P5.1 Durante la semana pasada, ¿usted trabajó al menos una hora?","1","C","p5_1","p5_1","1,2"
"Pregunta P5.2 Dígame si para ganar dinero o ayudar al gasto del hogar ¿la semana pasada usted…","1","C","p5_2","p5_2","1-7"
"Pregunta P5.3.1 Durante la semana pasada, ¿cuánto tiempo en total dedicó a trabajar (su actividad) de lunes a viernes? - HORAS","2","C","p5_3_1","","00-99"
"Pregunta P5.3.2 Durante la semana pasada, ¿cuánto tiempo en total dedicó a trabajar (su actividad) de lunes a viernes?  -MINUTOS","2","C","p5_3_2","","00-59"
"Pregunta P5.3.3 Durante la semana pasada, ¿cuánto tiempo en total dedicó a trabajar (su actividad) sábado y domingo? - HORAS","2","C","p5_3_3","","00-48"
"Pregunta P5.3.4 Durante la semana pasada, ¿cuánto tiempo en total dedicó a trabajar (su actividad) sábado y domingo? - MINUTOS","2","C","p5_3_4","","00-50"
"Pregunta P5.4.1 Durante la semana pasada, ¿cuánto tiempo utilizó en trasladarse de ida y vuelta para trabajar (a su actividad) de lunes a viernes? - HORAS","2","C","p5_4_1","","00-98"
"Pregunta P5.4.2 Durante la semana pasada, ¿cuánto tiempo utilizó en trasladarse de ida y vuelta para trabajar (a su actividad) de lunes a viernes? - MINUTOS","2","C","p5_4_2","","00-59"
"Pregunta P5.4.3 Durante la semana pasada, ¿cuánto tiempo utilizó en trasladarse de ida y vuelta para trabajar (a su actividad) sábado y domingo? - HORAS","2","C","p5_4_3","","00-48"
"Pregunta P5.4.4 Durante la semana pasada, ¿cuánto tiempo utilizó en trasladarse de ida y vuelta para trabajar (a su actividad) sábado y domingo? - MINUTOS","2","C","p5_4_4","","00-59"
"Pregunta P5.5 En su trabajo (actividad) (principal) de la semana pasada ¿usted fue...","1","C","p5_5","p5_5","1-5"
"Pregunta P5.6.1 Aunque no las use, ¿en su trabajo (principal) tiene derecho a licencia o permiso con sueldo por enfermedad, accidente o maternidad (paternidad)?","1","C","p5_6_1","p5_6_1","1,2,9"
"Pregunta P5.6.2 Aunque no las use, ¿en su trabajo (principal) tiene derecho a vacaciones pagadas?","1","C","p5_6_2","p5_6_2","1,2,9"
"Pregunta P5.6.3 Aunque no las use, ¿en su trabajo (principal) tiene derecho a jubilación, pensión o sistema de ahorro para el retiro?","1","C","p5_6_3","p5_6_3","1,2,9"
"Pregunta P5.6.4 Aunque no las use, ¿en su trabajo (principal) tiene derecho a guardería o estancia infantil?","1","C","p5_6_4","p5_6_4","1,2,9"
"Pregunta P5.6.5 Aunque no las use, ¿en su trabajo (principal) tiene derecho a licencia por cuidados maternos (paternos)?","1","C","p5_6_5","p5_6_5","1,2,9"
"Pregunta P5.6.6 Aunque no las use, ¿en su trabajo (principal) tiene derecho a servicio médico (IMSS, ISSSTE, entre otros)?","1","C","p5_6_6","p5_6_6","1,2,9"
"Pregunta P5.6.7 Aunque no las use, ¿en su trabajo (principal) tiene derecho a ... Otras prestaciones","1","C","p5_6_7","p5_6_7","1,2,9"
"Pregunta P5.7 ¿Cuánto gana o recibe usted por trabajar (su actividad)?","5","C","p5_7","p5_7","00000, 00001-90000,98000,99999"
"Pregunta P5.7a ¿Cada cuándo?","1","C","p5_7a","p5_7a","1-4"
"Pregunta P5.8 Entonces, ¿la semana pasada…","1","C","p5_8","p5_8","1-8"
"Pregunta P5.9.1 Incluyendo traslados de ida y vuelta, ¿cuánto tiempo le dedicó a (RESPUESTA DE 5.8) la semana pasada de lunes a viernes? - HORAS","2","C","p5_9_1","","00-42"
"Pregunta P5.9.2 Incluyendo traslados de ida y vuelta, ¿cuánto tiempo le dedicó a (RESPUESTA DE 5.8) la semana pasada de lunes a viernes? - MINUTOS","2","C","p5_9_2","","00-50"
"Pregunta P5.9.3 Incluyendo traslados de ida y vuelta, ¿cuánto tiempo le dedicó a (RESPUESTA DE 5.8) la semana pasada sábado y domingo? - HORAS","2","C","p5_9_3","","00-20"
"Pregunta P5.9.4 Incluyendo traslados de ida y vuelta, ¿cuánto tiempo le dedicó a (RESPUESTA DE 5.8) la semana pasada sábado y domingo? - MINUTOS","2","C","p5_9_4","","00-30"
"Pregunta P6.1.1.1 Durante la semana pasada, ¿cuánto tiempo dedicó en total a dormir (incluya siesta) de lunes a viernes ? - HORAS","2","C","p6_1_1_1","","00 - 95"
"Pregunta P6.1.1.2 Durante la semana pasada, ¿cuánto tiempo dedicó en total a dormir (incluya siesta) de lunes a viernes? - MINUTOS","2","C","p6_1_1_2","","00 - 55"
"Pregunta P6.1.1.3 Durante la semana pasada, ¿cuánto tiempo dedicó en total a dormir (incluya siesta) sábado y domingo? - HORAS","2","C","p6_1_1_3","","00 - 48"
"Pregunta P6.1.1.4 Durante la semana pasada, ¿cuánto tiempo dedicó en total a dormir (incluya siesta) sábado y domingo? - MINUTOS","2","C","p6_1_1_4","","00 - 55"
"Pregunta P6.1.2.1 Durante la semana pasada, ¿cuánto tiempo dedicó en total a comer sus alimentos diarios (desayuno, comida, almuerzo, cena, etcétera) de lunes a viernes? - HORAS","2","C","p6_1_2_1","","00 - 97"
"Pregunta P6.1.2.2 Durante la semana pasada, ¿cuánto tiempo dedicó en total a comer sus alimentos diarios (desayuno, comida, almuerzo, cena, etcétera) de lunes a viernes? - MINUTOS","2","C","p6_1_2_2","","00 - 59"
"Pregunta P6.1.2.3 Durante la semana pasada, ¿cuánto tiempo dedicó en total a comer sus alimentos diarios (desayuno, comida, almuerzo, cena, etcétera) sábado y domingo? - HORAS","2","C","p6_1_2_3","","00 - 46"
"Pregunta P6.1.2.4 Durante la semana pasada, ¿cuánto tiempo dedicó en total a comer sus alimentos diarios (desayuno, comida, almuerzo, cena, etcétera) sábado y domingo? - MINUTOS","2","C","p6_1_2_4","","00 - 56"
"Pregunta P6.1.3.1 Durante la semana pasada, ¿cuánto tiempo dedicó en total a su aseo o arreglo personal como bañarse, ir al baño, lavarse los dientes, etcétera de lunes a viernes? - HORAS","2","C","p6_1_3_1","","00 - 99"
"Pregunta P6.1.3.2 Durante la semana pasada, ¿cuánto tiempo dedicó en total a su aseo o arreglo personal como bañarse, ir al baño, lavarse los dientes, etcétera de lunes a viernes? - MINUTOS","2","C","p6_1_3_2","","00 - 58"
"Pregunta P6.1.3.3 Durante la semana pasada, ¿cuánto tiempo dedicó en total a su aseo o arreglo personal como bañarse, ir al baño, lavarse los dientes, etcétera sábado y domingo? - HORAS","2","C","p6_1_3_3","","00 - 45"
"Pregunta P6.1.3.4 Durante la semana pasada, ¿cuánto tiempo dedicó en total a su aseo o arreglo personal como bañarse, ir al baño, lavarse los dientes, etcétera sábado y domingo? - MINUTOS","2","C","p6_1_3_4","","00 - 59"
"Pregunta P6.2.1 Durante la semana pasada, ¿usted asistió a clases, tomó cursos o estudió? (incluya sistema abierto o a distancia, diplomados, etcétera)","1","C","p6_2_1","p6_2_1","1,2"
"Pregunta P6.2A.1.1 ¿Cuánto tiempo le dedicó de lunes a viernes? - HORAS","2","C","p6_2a_1_1","","00 - 75"
"Pregunta P6.2A.1.2 ¿Cuánto tiempo le dedicó de lunes a viernes? - MINUTOS","2","C","p6_2a_1_2","","00 - 59"
"Pregunta P6.2A.1.3 ¿Cuánto tiempo le dedicó sábado y domingo? - HORAS","2","C","p6_2a_1_3","","00 - 24"
"Pregunta P6.2A.1.4 ¿Cuánto tiempo le dedicó sábado y domingo? - MINUTOS","2","C","p6_2a_1_4","","00 - 50"
"Pregunta P6.2.2 Durante la semana pasada, ¿usted hizo tareas, prácticas escolares o alguna otra actividad de estudio?","1","C","p6_2_2","p6_2_2","1,2"
"Pregunta P6.2A.2.1 ¿Cuánto tiempo le dedicó de lunes a viernes? - HORAS","2","C","p6_2a_2_1","","00 - 90"
"Pregunta P6.2A.2.2 ¿Cuánto tiempo le dedicó de lunes a viernes? - MINUTOS","2","C","p6_2a_2_2","","00 - 55"
"Pregunta P6.2A.2.3 ¿Cuánto tiempo le dedicó sábado y domingo? - HORAS","2","C","p6_2a_2_3","","00 - 40"
"Pregunta P6.2A.2.4 ¿Cuánto tiempo le dedicó sábado y domingo? - MINUTOS","2","C","p6_2a_2_4","","00 - 50"
"Pregunta P6.2.3 Durante la semana pasada, ¿usted se trasladó de ida y vuelta a la escuela?","1","C","p6_2_3","p6_2_3","1,2"
"Pregunta P6.2A.3.1 ¿Cuánto tiempo le dedicó de lunes a viernes? - HORAS","2","C","p6_2a_3_1","","00 - 55"
"Pregunta P6.2A.3.2 ¿Cuánto tiempo le dedicó de lunes a viernes? - MINUTOS","2","C","p6_2a_3_2","","00 - 59"
"Pregunta P6.2A.3.3 ¿Cuánto tiempo le dedicó sábado y domingo? - HORAS","2","C","p6_2a_3_3","","00 - 40"
"Pregunta P6.2A.3.4 ¿Cuánto tiempo le dedicó sábado y domingo? - MINUTOS","2","C","p6_2a_3_4","","00 - 55"
"Pregunta P6.3.1 Durante la semana pasada, SÓLO para el consumo de su hogar, ¿usted cuidó o crió animales de corral (ordeñar, recolectar huevos, etcétera)?","1","C","p6_3_1","p6_3_1","1,2"
"Pregunta P6.3A.1.1 ¿Cuánto tiempo le dedicó de lunes a viernes? - HORAS","2","C","p6_3a_1_1","","00 - 60"
"Pregunta P6.3A.1.2 ¿Cuánto tiempo le dedicó de lunes a viernes? - MINUTOS","2","C","p6_3a_1_2","","00 - 55"
"Pregunta P6.3A.1.3 ¿Cuánto tiempo le dedicó sábado y domingo? - HORAS","2","C","p6_3a_1_3","","00 - 40"
"Pregunta P6.3A.1.4 ¿Cuánto tiempo le dedicó sábado y domingo? - MINUTOS","2","C","p6_3a_1_4","","00 - 50"
"Pregunta P6.3.2 Durante la semana pasada, SÓLO para el consumo de su hogar, ¿usted recolectó leña?","1","C","p6_3_2","p6_3_2","1,2"
"Pregunta P6.3A.2.1 ¿Cuánto tiempo le dedicó de lunes a viernes? - HORAS","2","C","p6_3a_2_1","","00 - 80"
"Pregunta P6.3A.2.2 ¿Cuánto tiempo le dedicó de lunes a viernes? - MINUTOS","2","C","p6_3a_2_2","","00 - 55"
"Pregunta P6.3A.2.3 ¿Cuánto tiempo le dedicó sábado y domingo? - HORAS","2","C","p6_3a_2_3","","00 - 40"
"Pregunta P6.3A.2.4 ¿Cuánto tiempo le dedicó sábado y domingo? - MINUTOS","2","C","p6_3a_2_4","","00 - 50"
"Pregunta P6.3.3 Durante la semana pasada, SÓLO para el consumo de su hogar, ¿usted recolectó plantas, hongos, flores o frutos silvestres; pescó o cazó?","1","C","p6_3_3","p6_3_3","1,2"
"Pregunta P6.3A.3.1 ¿Cuánto tiempo le dedicó de lunes a viernes? - HORAS","2","C","p6_3a_3_1","","00 - 48"
"Pregunta P6.3A.3.2 ¿Cuánto tiempo le dedicó de lunes a viernes? - MINUTOS","2","C","p6_3a_3_2","","00 - 50"
"Pregunta P6.3A.3.3 ¿Cuánto tiempo le dedicó sábado y domingo? - HORAS","2","C","p6_3a_3_3","","00 - 24"
"Pregunta P6.3A.3.4 ¿Cuánto tiempo le dedicó sábado y domingo? - MINUTOS","2","C","p6_3a_3_4","","00 - 50"
"Pregunta P6.3.4 Durante la semana pasada, SÓLO para el consumo de su hogar, ¿usted sembró o cuidó lo que plantó en el traspatio o huerto?","1","C","p6_3_4","p6_3_4","1,2"
"Pregunta P6.3A.4.1 ¿Cuánto tiempo le dedicó de lunes a viernes? - HORAS","2","C","p6_3a_4_1","","00 - 96"
"Pregunta P6.3A.4.2 ¿Cuánto tiempo le dedicó de lunes a viernes? - MINUTOS","2","C","p6_3a_4_2","","00 - 55"
"Pregunta P6.3A.4.3 ¿Cuánto tiempo le dedicó sábado y domingo? - HORAS","2","C","p6_3a_4_3","","00 - 40"
"Pregunta P6.3A.4.4 ¿Cuánto tiempo le dedicó sábado y domingo? - MINUTOS","2","C","p6_3a_4_4","","00 - 50"
"Pregunta P6.3.5 Durante la semana pasada, SÓLO para el consumo de su hogar, ¿usted acarreó o almacenó agua?","1","C","p6_3_5","p6_3_5","1,2"
"Pregunta P6.3A.5.1 ¿Cuánto tiempo le dedicó de lunes a viernes? - HORAS","2","C","p6_3a_5_1","","00 - 50"
"Pregunta P6.3A.5.2 ¿Cuánto tiempo le dedicó de lunes a viernes? - MINUTOS","2","C","p6_3a_5_2","","00 - 55"
"Pregunta P6.3A.5.3 ¿Cuánto tiempo le dedicó sábado y domingo? - HORAS","2","C","p6_3a_5_3","","00 - 40"
"Pregunta P6.3A.5.4 ¿Cuánto tiempo le dedicó sábado y domingo? - MINUTOS","2","C","p6_3a_5_4","","00 - 50"
"Pregunta P6.3.6 Durante la semana pasada, SÓLO para el consumo de su hogar, ¿usted elaboró o tejió ropa, manteles, cortinas o textiles, etcétera?","1","C","p6_3_6","p6_3_6","1,2"
"Pregunta P6.3A.6.1 ¿Cuánto tiempo le dedicó de lunes a viernes? - HORAS","2","C","p6_3a_6_1","","00 - 96"
"Pregunta P6.3A.6.2 ¿Cuánto tiempo le dedicó de lunes a viernes ? - MINUTOS","2","C","p6_3a_6_2","","00 - 50"
"Pregunta P6.3A.6.3 ¿Cuánto tiempo le dedicó sábado y domingo? - HORAS","2","C","p6_3a_6_3","","00 - 40"
"Pregunta P6.3A.6.4 ¿Cuánto tiempo le dedicó sábado y domingo? - MINUTOS","2","C","p6_3a_6_4","","00 - 50"
"Pregunta P6.3.7 Durante la semana pasada, SÓLO para el consumo de su hogar, ¿usted elaboró alimentos para conservarse o almacenarse? (mermeladas, conservas, encurtidos, salar carne, chocolate, pan, quesos u otros)","1","C","p6_3_7","p6_3_7","1,2"
"Pregunta P6.3A.7.1  ¿Cuánto tiempo le dedicó de lunes a viernes? - HORAS","2","C","p6_3a_7_1","","00 - 80"
"Pregunta P6.3A.7.2  ¿Cuánto tiempo le dedicó de lunes a viernes? - MINUTOS","2","C","p6_3a_7_2","","00 - 55"
"Pregunta P6.3A.7.3  ¿Cuánto tiempo le dedicó sábado y domingo? - HORAS","2","C","p6_3a_7_3","","00 - 16"
"Pregunta P6.3A.7.4  ¿Cuánto tiempo le dedicó sábado y domingo? - MINUTOS","2","C","p6_3a_7_4","","00 - 45"
"Pregunta P6.3.8 Durante la semana pasada, SÓLO para el consumo de su hogar, ¿usted hizo muebles, utensilios de cocina, blocks, adobes u otros productos?","1","C","p6_3_8","p6_3_8","1,2"
"Pregunta P6.3A.8.1  ¿Cuánto tiempo le dedicó de lunes a viernes? - HORAS","2","C","p6_3a_8_1","","00 - 48"
"Pregunta P6.3A.8.2  ¿Cuánto tiempo le dedicó de lunes a viernes? - MINUTOS","2","C","p6_3a_8_2","","00 - 50"
"Pregunta P6.3A.8.3  ¿Cuánto tiempo le dedicó sábado y domingo? - HORAS","2","C","p6_3a_8_3","","00 - 30"
"Pregunta P6.3A.8.4  ¿Cuánto tiempo le dedicó sábado y domingo? - MINUTOS","2","C","p6_3a_8_4","","00 - 50"
"Pregunta P6.3.9 Durante la semana pasada, SÓLO para el consumo de su hogar, ¿usted amplió o remodeló usted mismo(a) su vivienda o la estuvo construyendo?","1","C","p6_3_9","p6_3_9","1,2"
"Pregunta P6.3A.9.1 ¿Cuánto tiempo le dedicó de lunes a viernes? - HORAS","2","C","p6_3a_9_1","","00 - 60"
"Pregunta P6.3A.9.2 ¿Cuánto tiempo le dedicó de lunes a viernes? - MINUTOS","2","C","p6_3a_9_2","","00 - 50"
"Pregunta P6.3A.9.3 ¿Cuánto tiempo le dedicó sábado y domingo? - HORAS","2","C","p6_3a_9_3","","00 - 36"
"Pregunta P6.3A.9.4 ¿Cuánto tiempo le dedicó sábado y domingo? - MINUTOS","2","C","p6_3a_9_4","","00 - 50"
"Pregunta P6.4.1 Durante la semana pasada, ¿usted desgranó maíz, coció o molió el nixtamal o hizo tortillas de maíz o trigo para su hogar?","1","C","p6_4_1","p6_4_1","1,2"
"Pregunta P6.4A.1.1  ¿Cuánto tiempo le dedicó de lunes a viernes? - HORAS","2","C","p6_4a_1_1","","00 - 91"
"Pregunta P6.4A.1.2  ¿Cuánto tiempo le dedicó de lunes a viernes? - MINUTOS","2","C","p6_4a_1_2","","00 - 55"
"Pregunta P6.4A.1.3  ¿Cuánto tiempo le dedicó sábado y domingo? - HORAS","2","C","p6_4a_1_3","","00 - 40"
"Pregunta P6.4A.1.4  ¿Cuánto tiempo le dedicó sábado y domingo? - MINUTOS","2","C","p6_4a_1_4","","00 - 55"
"Pregunta P6.4.2 Durante la semana pasada, ¿usted encendió el fogón, horno o anafre de leña o carbón para preparar o calentar alimentos?","1","C","p6_4_2","p6_4_2","1,2"
"Pregunta P6.4A.2.1  ¿Cuánto tiempo le dedicó de lunes a viernes? - HORAS","2","C","p6_4a_2_1","","00 - 60"
"Pregunta P6.4A.2.2  ¿Cuánto tiempo le dedicó de lunes a viernes? - MINUTOS","2","C","p6_4a_2_2","","00 - 51"
"Pregunta P6.4A.2.3  ¿Cuánto tiempo le dedicó sábado y domingo? - HORAS","2","C","p6_4a_2_3","","00 - 40"
"Pregunta P6.4A.2.4  ¿Cuánto tiempo le dedicó sábado y domingo? - MINUTOS","2","C","p6_4a_2_4","","00 - 50"
"Pregunta P6.4.3 Durante la semana pasada, ¿usted cocinó, preparó o calentó alimentos o bebidas?","1","C","p6_4_3","p6_4_3","1,2"
"Pregunta P6.4A.3.1  ¿Cuánto tiempo le dedicó de lunes a viernes? - HORAS","2","C","p6_4a_3_1","","00 - 92"
"Pregunta P6.4A.3.2  ¿Cuánto tiempo le dedicó de lunes a viernes? - MINUTOS","2","C","p6_4a_3_2","","00 - 59"
"Pregunta P6.4A.3.3  ¿Cuánto tiempo le dedicó sábado y domingo? - HORAS","2","C","p6_4a_3_3","","00 - 45"
"Pregunta P6.4A.3.4  ¿Cuánto tiempo le dedicó sábado y domingo? - MINUTOS","2","C","p6_4a_3_4","","00 - 59"
"Pregunta P6.4.4 Durante la semana pasada, ¿usted sirvió la comida, recogió, lavó, secó o acomodó los trastes?","1","C","p6_4_4","p6_4_4","1,2"
"Pregunta P6.4A.4.1  ¿Cuánto tiempo le dedicó de lunes a viernes? - HORAS","2","C","p6_4a_4_1","","00 - 92"
"Pregunta P6.4A.4.2  ¿Cuánto tiempo le dedicó de lunes a viernes? - MINUTOS","2","C","p6_4a_4_2","","00 - 59"
"Pregunta P6.4A.4.3 ¿Cuánto tiempo le dedicó sábado y domingo? - HORAS","2","C","p6_4a_4_3","","00 - 45"
"Pregunta P6.4A.4.4  ¿Cuánto tiempo le dedicó sábado y domingo? - MINUTOS","2","C","p6_4a_4_4","","00 - 55"
"Pregunta P6.4.5 Durante la semana pasada, ¿usted llevó comida a algún integrante de su hogar a la escuela, trabajo u otro lugar?","1","C","p6_4_5","p6_4_5","1,2"
"Pregunta P6.4A.5.1  ¿Cuánto tiempo le dedicó de lunes a viernes? - HORAS","2","C","p6_4a_5_1","","00 - 97"
"Pregunta P6.4A.5.2  ¿Cuánto tiempo le dedicó de lunes a viernes? - MINUTOS","2","C","p6_4a_5_2","","00 - 59"
"Pregunta P6.4A.5.3  ¿Cuánto tiempo le dedicó sábado y domingo? - HORAS","2","C","p6_4a_5_3","","00 - 40"
"Pregunta P6.4A.5.4  ¿Cuánto tiempo le dedicó sábado y domingo? - MINUTOS","2","C","p6_4a_5_4","","00 - 50"
"Pregunta P6.5.1 Durante la semana pasada, ¿usted barrió la banqueta, cochera o patio de su vivienda?","1","C","p6_5_1","p6_5_1","1,2"
"Pregunta P6.5A.1.1  ¿Cuánto tiempo le dedicó de lunes a viernes? - HORAS","2","C","p6_5a_1_1","","00 - 99"
"Pregunta P6.5A.1.2  ¿Cuánto tiempo le dedicó de lunes a viernes? - MINUTOS","2","C","p6_5a_1_2","","00 - 59"
"Pregunta P6.5A.1.3  ¿Cuánto tiempo le dedicó sábado y domingo? - HORAS","2","C","p6_5a_1_3","","00 - 45"
"Pregunta P6.5A.1.4  ¿Cuánto tiempo le dedicó sábado y domingo? - MINUTOS","2","C","p6_5a_1_4","","00 - 50"
"Pregunta P6.5.2 Durante la semana pasada, ¿usted limpió o recogió el interior de su vivienda? (ordenar objetos, tender camas, barrer, trapear, sacudir, lavar la cocina, el baño, entre otros)","1","C","p6_5_2","p6_5_2","1,2"
"Pregunta P6.5A.2.1  ¿Cuánto tiempo le dedicó de lunes a viernes? - HORAS","2","C","p6_5a_2_1","","00 - 80"
"Pregunta P6.5A.2.2  ¿Cuánto tiempo le dedicó de lunes a viernes? - MINUTOS","2","C","p6_5a_2_2","","00 - 55"
"Pregunta P6.5A.2.3  ¿Cuánto tiempo le dedicó sábado y domingo? - HORAS","2","C","p6_5a_2_3","","00 - 40"
"Pregunta P6.5A.2.4  ¿Cuánto tiempo le dedicó sábado y domingo? - MINUTOS","2","C","p6_5a_2_4","","00 - 58"
"Pregunta P6.5.3 Durante la semana pasada, ¿usted recogió, separó, tiró o quemó la basura?","1","C","p6_5_3","p6_5_3","1,2"
"Pregunta P6.5A.3.1  ¿Cuánto tiempo le dedicó de lunes a viernes? - HORAS","2","C","p6_5a_3_1","","00 - 99"
"Pregunta P6.5A.3.2  ¿Cuánto tiempo le dedicó de lunes a viernes? - MINUTOS","2","C","p6_5a_3_2","","00 - 56"
"Pregunta P6.5A.3.3  ¿Cuánto tiempo le dedicó sábado y domingo? - HORAS","2","C","p6_5a_3_3","","00 - 40"
"Pregunta P6.5A.3.4  ¿Cuánto tiempo le dedicó sábado y domingo? - MINUTOS","2","C","p6_5a_3_4","","00 - 55"
"Pregunta P6.5.4 Durante la semana pasada, ¿usted cuidó o regó macetas y plantas de su patio o jardín?","1","C","p6_5_4","p6_5_4","1,2"
"Pregunta P6.5A.4.1  ¿Cuánto tiempo le dedicó de lunes a viernes? - HORAS","2","C","p6_5a_4_1","","00 - 99"
"Pregunta P6.5A.4.2  ¿Cuánto tiempo le dedicó de lunes a viernes? - MINUTOS","2","C","p6_5a_4_2","","00 - 55"
"Pregunta P6.5A.4.3  ¿Cuánto tiempo le dedicó sábado y domingo? - HORAS","2","C","p6_5a_4_3","","00 - 40"
"Pregunta P6.5A.4.4  ¿Cuánto tiempo le dedicó sábado y domingo? - MINUTOS","2","C","p6_5a_4_4","","00 - 55"
"Pregunta P6.5.5 Durante la semana pasada, ¿usted limpió, alimentó o cuidó a la(s) mascota(s) (animales de compañía) de su hogar?","1","C","p6_5_5","p6_5_5","1,2"
"Pregunta P6.5A.5.1 ¿Cuánto tiempo le dedicó de lunes a viernes? - HORAS","2","C","p6_5a_5_1","","00 - 99"
"Pregunta P6.5A.5.2 ¿Cuánto tiempo le dedicó de lunes a viernes? - MINUTOS","2","C","p6_5a_5_2","","00 - 55"
"Pregunta P6.5A.5.3 ¿Cuánto tiempo le dedicó sábado y domingo? - HORAS","2","C","p6_5a_5_3","","00 - 40"
"Pregunta P6.5A.5.4 ¿Cuánto tiempo le dedicó sábado y domingo? - MINUTOS","2","C","p6_5a_5_4","","00 - 50"
"Pregunta P6.6.1 Durante la semana pasada, ¿usted lavó, tendió o puso a secar la ropa? (si lo hizo con máquina, quite el tiempo de operación)","1","C","p6_6_1","p6_6_1","1,2"
"Pregunta P6.6A.1.1  ¿Cuánto tiempo le dedicó de lunes a viernes? - HORAS","2","C","p6_6a_1_1","","00 - 90"
"Pregunta P6.6A.1.2  ¿Cuánto tiempo le dedicó de lunes a viernes? - MINUTOS","2","C","p6_6a_1_2","","00 - 55"
"Pregunta P6.6A.1.3  ¿Cuánto tiempo le dedicó sábado y domingo? - HORAS","2","C","p6_6a_1_3","","00 - 45"
"Pregunta P6.6A.1.4  ¿Cuánto tiempo le dedicó sábado y domingo? - MINUTOS","2","C","p6_6a_1_4","","00 - 56"
"Pregunta P6.6.2 Durante la semana pasada, ¿usted planchó la ropa?","1","C","p6_6_2","p6_6_2","1,2"
"Pregunta P6.6A.2.1  ¿Cuánto tiempo le dedicó de lunes a viernes? - HORAS","2","C","p6_6a_2_1","","00 - 75"
"Pregunta P6.6A.2.2  ¿Cuánto tiempo le dedicó de lunes a viernes? - MINUTOS","2","C","p6_6a_2_2","","00 - 55"
"Pregunta P6.6A.2.3  ¿Cuánto tiempo le dedicó sábado y domingo? - HORAS","2","C","p6_6a_2_3","","00 - 40"
"Pregunta P6.6A.2.4  ¿Cuánto tiempo le dedicó sábado y domingo? - MINUTOS","2","C","p6_6a_2_4","","00 - 50"
"Pregunta P6.6.3 Durante la semana pasada, ¿usted separó, dobló, acomodó o guardó la ropa?","1","C","p6_6_3","p6_6_3","1,2"
"Pregunta P6.6A.3.1  ¿Cuánto tiempo le dedicó de lunes a viernes? - HORAS","2","C","p6_6a_3_1","","00 - 50"
"Pregunta P6.6A.3.2  ¿Cuánto tiempo le dedicó de lunes a viernes? - MINUTOS","2","C","p6_6a_3_2","","00 - 59"
"Pregunta P6.6A.3.3  ¿Cuánto tiempo le dedicó sábado y domingo? - HORAS","2","C","p6_6a_3_3","","00 - 45"
"Pregunta P6.6A.3.4  ¿Cuánto tiempo le dedicó sábado y domingo? - MINUTOS","2","C","p6_6a_3_4","","00 - 55"
"Pregunta P6.6.4 Durante la semana pasada, ¿usted arregló o remendó la ropa, manteles, cortinas o sábanas (excluya confección)?","1","C","p6_6_4","p6_6_4","1,2"
"Pregunta P6.6A.4.1  ¿Cuánto tiempo le dedicó de lunes a viernes? - HORAS","2","C","p6_6a_4_1","","00 - 30"
"Pregunta P6.6A.4.2  ¿Cuánto tiempo le dedicó de lunes a viernes? - MINUTOS","2","C","p6_6a_4_2","","00 - 55"
"Pregunta P6.6A.4.3  ¿Cuánto tiempo le dedicó sábado y domingo? - HORAS","2","C","p6_6a_4_3","","00 - 09"
"Pregunta P6.6A.4.4  ¿Cuánto tiempo le dedicó sábado y domingo? MINUTOS","2","C","p6_6a_4_4","","00 - 55"
"Pregunta P6.6.5 Durante la semana pasada, ¿usted limpió, boleó o pintó el calzado? (tenis, huaraches, botas, etcétera)","1","C","p6_6_5","p6_6_5","1,2"
"Pregunta P6.6A.5.1 ¿Cuánto tiempo le dedicó de lunes a viernes? - HORAS","2","C","p6_6a_5_1","","00 - 50"
"Pregunta P6.6A.5.2 ¿Cuánto tiempo le dedicó de lunes a viernes? - MINUTOS","2","C","p6_6a_5_2","","00 - 59"
"Pregunta P6.6A.5.3 ¿Cuánto tiempo le dedicó sábado y domingo? - HORAS","2","C","p6_6a_5_3","","00 - 40"
"Pregunta P6.6A.5.4 ¿Cuánto tiempo le dedicó sábado y domingo? - MINUTOS","2","C","p6_6a_5_4","","00 - 50"
"Pregunta P6.7.1 Durante la semana pasada, ¿usted reparó o hizo alguna instalación menor a su vivienda?","1","C","p6_7_1","p6_7_1","1,2"
"Pregunta P6.7A.1.1  ¿Cuánto tiempo le dedicó de lunes a viernes? - HORAS","2","C","p6_7a_1_1","","00 - 40"
"Pregunta P6.7A.1.2  ¿Cuánto tiempo le dedicó de lunes a viernes? - MINUTOS","2","C","p6_7a_1_2","","00 - 51"
"Pregunta P6.7A.1.3  ¿Cuánto tiempo le dedicó sábado y domingo? - HORAS","2","C","p6_7a_1_3","","00 - 20"
"Pregunta P6.7A.1.4  ¿Cuánto tiempo le dedicó sábado y domingo? - MINUTOS","2","C","p6_7a_1_4","","00 - 50"
"Pregunta P6.7.2 Durante la semana pasada, ¿usted reparó muebles, juguetes, aparatos domésticos o computadora de su hogar?","1","C","p6_7_2","p6_7_2","1,2"
"Pregunta P6.7A.2.1  ¿Cuánto tiempo le dedicó de lunes a viernes? - HORAS","2","C","p6_7a_2_1","","00 - 30"
"Pregunta P6.7A.2.2  ¿Cuánto tiempo le dedicó de lunes a viernes? - MINUTOS","2","C","p6_7a_2_2","","00 - 50"
"Pregunta P6.7A.2.3  ¿Cuánto tiempo le dedicó sábado y domingo? - HORAS","2","C","p6_7a_2_3","","00 - 30"
"Pregunta P6.7A.2.4  ¿Cuánto tiempo le dedicó sábado y domingo? - MINUTOS","2","C","p6_7a_2_4","","00 - 45"
"Pregunta P6.7.3 Durante la semana pasada, ¿usted lavó o limpió algún medio de transporte de su hogar? (bicicleta, moto, camioneta, automóvil)","1","C","p6_7_3","p6_7_3","1,2"
"Pregunta P6.7A.3.1  ¿Cuánto tiempo le dedicó de lunes a viernes? - HORAS","2","C","p6_7a_3_1","","00 - 33"
"Pregunta P6.7A.3.2  ¿Cuánto tiempo le dedicó de lunes a viernes? - MINUTOS","2","C","p6_7a_3_2","","00 - 50"
"Pregunta P6.7A.3.3  ¿Cuánto tiempo le dedicó sábado y domingo? - HORAS","2","C","p6_7a_3_3","","00 - 40"
"Pregunta P6.7A.3.4  ¿Cuánto tiempo le dedicó sábado y domingo? - MINUTOS","2","C","p6_7a_3_4","","00 - 55"
"Pregunta P6.7.4 Durante la semana pasada, ¿usted reparó o dio mantenimiento a algún medio de transporte de su hogar? (bicicleta, moto, camioneta, automóvil)","1","C","p6_7_4","p6_7_4","1,2"
"Pregunta P6.7A.4.1  ¿Cuánto tiempo le dedicó de lunes a viernes? - HORAS","2","C","p6_7a_4_1","","00 - 30"
"Pregunta P6.7A.4.2  ¿Cuánto tiempo le dedicó de lunes a viernes? - MINUTOS","2","C","p6_7a_4_2","","00 - 50"
"Pregunta P6.7A.4.3  ¿Cuánto tiempo le dedicó sábado y domingo? - HORAS","2","C","p6_7a_4_3","","00 - 12"
"Pregunta P6.7A.4.4  ¿Cuánto tiempo le dedicó sábado y domingo? - MINUTOS","2","C","p6_7a_4_4","","00 - 50"
"Pregunta P6.8.1  Durante la semana pasada, ¿usted buscó o compró refacciones, llantas, herramientas o materiales de construcción, automóvil, casa o terreno?","1","C","p6_8_1","p6_8_1","1,2"
"Pregunta P6.8A.1.1  Incluyendo el traslado, ¿cuánto tiempo le dedicó de lunes a viernes? - HORAS","2","C","p6_8a_1_1","","00 - 30"
"Pregunta P6.8A.1.2  Incluyendo el traslado, ¿cuánto tiempo le dedicó de lunes a viernes? - MINUTOS","2","C","p6_8a_1_2","","00 - 55"
"Pregunta P6.8A.1.3  Incluyendo el traslado, ¿cuánto tiempo le dedicó sábado y domingo? - HORAS","2","C","p6_8a_1_3","","00 - 45"
"Pregunta P6.8A.1.4  Incluyendo el traslado, ¿cuánto tiempo le dedicó sábado y domingo? - MINUTOS","2","C","p6_8a_1_4","","00 - 55"
"Pregunta P6.8.2  Durante la semana pasada, ¿usted buscó o hizo las compras del mandado, la despensa, papelería, medicinas o artículos de limpieza?","1","C","p6_8_2","p6_8_2","1,2"
"Pregunta P6.8A.2.1 Incluyendo el traslado, ¿cuánto tiempo le dedicó de lunes a viernes? - HORAS","2","C","p6_8a_2_1","","00 - 99"
"Pregunta P6.8A.2.2 Incluyendo el traslado, ¿cuánto tiempo le dedicó de lunes a viernes? - MINUTOS","2","C","p6_8a_2_2","","00 - 55"
"Pregunta P6.8A.2.3 Incluyendo el traslado, ¿cuánto tiempo le dedicó sábado y domingo? - HORAS","2","C","p6_8a_2_3","","00 - 45"
"Pregunta P6.8A.2.4 Incluyendo el traslado, ¿cuánto tiempo le dedicó sábado y domingo? - MINUTOS","2","C","p6_8a_2_4","","00 - 55"
"Pregunta P6.8.3  Durante la semana pasada, ¿usted buscó o compró artículos o bienes para su hogar como trastes, manteles, muebles, ropa, calzado u otros?","1","C","p6_8_3","p6_8_3","1,2"
"Pregunta P6.8A.3.1  Incluyendo el traslado, ¿cuánto tiempo le dedicó de lunes a viernes? - HORAS","2","C","p6_8a_3_1","","00 - 45"
"Pregunta P6.8A.3.2  Incluyendo el traslado, ¿cuánto tiempo le dedicó de lunes a viernes? - MINUTOS","2","C","p6_8a_3_2","","00 - 55"
"Pregunta P6.8A.3.3  Incluyendo el traslado, ¿cuánto tiempo le dedicó sábado y domingo? - HORAS","2","C","p6_8a_3_3","","00 - 30"
"Pregunta P6.8A.3.4  Incluyendo el traslado, ¿cuánto tiempo le dedicó sábado y domingo? - MINUTOS","2","C","p6_8a_3_4","","00 - 50"
"Pregunta P6.9.1  Durante la semana pasada, ¿usted hizo pagos o trámites de servicios para su hogar? (incluya si lo hizo por internet) (tenencia, predial, agua, luz, credencial de elector, colegiatura, crédito hipotecario, caja de ahorro, renta, actas, CURP, pasaporte, denuncias, etcétera)","1","C","p6_9_1","p6_9_1","1,2"
"Pregunta P6.9A.1.1  Incluyendo el traslado, ¿cuánto tiempo le dedicó de lunes a viernes? - HORAS","2","C","p6_9a_1_1","","00 - 99"
"Pregunta P6.9A.1.2  Incluyendo el traslado, ¿cuánto tiempo le dedicó de lunes a viernes? - MINUTOS","2","C","p6_9a_1_2","","00 - 55"
"Pregunta P6.9A.1.3  Incluyendo el traslado, ¿cuánto tiempo le dedicó sábado y domingo? - HORAS","2","C","p6_9a_1_3","","00 - 40"
"Pregunta P6.9A.1.4  Incluyendo el traslado, ¿cuánto tiempo le dedicó sábado y domingo? - MINUTOS","2","C","p6_9a_1_4","","00 - 55"
"Pregunta P6.9.2  Durante la semana pasada, ¿usted llevó los gastos (cuentas) de su hogar?","1","C","p6_9_2","p6_9_2","1,2"
"Pregunta P6.9A.2.1  Incluyendo el traslado, ¿cuánto tiempo le dedicó de lunes a viernes? - HORAS","2","C","p6_9a_2_1","","00 - 99"
"Pregunta P6.9A.2.2  Incluyendo el traslado, ¿cuánto tiempo le dedicó de lunes a viernes? - MINUTOS","2","C","p6_9a_2_2","","00 - 55"
"Pregunta P6.9A.2.3  Incluyendo el traslado, ¿cuánto tiempo le dedicó sábado y domingo? - HORAS","2","C","p6_9a_2_3","","00 - 30"
"Pregunta P6.9A.2.4  Incluyendo el traslado, ¿cuánto tiempo le dedicó sábado y domingo? - MINUTOS","2","C","p6_9a_2_4","","00 - 50"
"Pregunta P6.9.3  Durante la semana pasada, ¿usted tramitó o cobró algún programa social? (pensión para adultos mayores, tarjeta LICONSA, etcétera)","1","C","p6_9_3","p6_9_3","1,2"
"Pregunta P6.9A.3.1  Incluyendo el traslado, ¿cuánto tiempo le dedicó de lunes a viernes? - HORAS","2","C","p6_9a_3_1","","00 - 18"
"Pregunta P6.9A.3.2  Incluyendo el traslado, ¿cuánto tiempo le dedicó de lunes a viernes? - MINUTOS","2","C","p6_9a_3_2","","00 - 50"
"Pregunta P6.9A.3.3  Incluyendo el traslado, ¿cuánto tiempo le dedicó sábado y domingo? - HORAS","2","C","p6_9a_3_3","","00 - 12"
"Pregunta P6.9A.3.4  Incluyendo el traslado, ¿cuánto tiempo le dedicó sábado y domingo? - MINUTOS","2","C","p6_9a_3_4","","00 - 50"
"Pregunta P6.10.1 Durante la semana pasada, ¿usted llevó o recogió ropa o calzado a algún lugar para su limpieza o reparación?","1","C","p6_10_1","p6_10_1","1,2"
"Pregunta P6.10A.1.1  ¿Cuánto tiempo le dedicó de lunes a viernes? - HORAS","2","C","p6_10a_1_1","","00 - 10"
"Pregunta P6.10A.1.2  ¿Cuánto tiempo le dedicó de lunes a viernes? - MINUTOS","2","C","p6_10a_1_2","","00 - 50"
"Pregunta P6.10A.1.3  ¿Cuánto tiempo le dedicó sábado y domingo? - HORAS","2","C","p6_10a_1_3","","00 - 30"
"Pregunta P6.10A.1.4  ¿Cuánto tiempo le dedicó sábado y domingo? - MINUTOS","2","C","p6_10a_1_4","","00 - 45"
"Pregunta P6.10.2 Durante la semana pasada, ¿usted supervisó la construcción, reparación o mantenimiento de su vivienda?","1","C","p6_10_2","p6_10_2","1,2"
"Pregunta P6.10A.2.1  ¿Cuánto tiempo le dedicó de lunes a viernes? - HORAS","2","C","p6_10a_2_1","","00 - 50"
"Pregunta P6.10A.2.2  ¿Cuánto tiempo le dedicó de lunes a viernes? - MINUTOS","2","C","p6_10a_2_2","","00 - 50"
"Pregunta P6.10A.2.3  ¿Cuánto tiempo le dedicó sábado y domingo? - HORAS","2","C","p6_10a_2_3","","00 - 24"
"Pregunta P6.10A.2.4  ¿Cuánto tiempo le dedicó sábado y domingo? - MINUTOS","2","C","p6_10a_2_4","","00 - 45"
"Pregunta P6.10.3 Durante la semana pasada, ¿usted llevó o supervisó la reparación de muebles, juguetes, aparatos domésticos o computadora de su hogar?","1","C","p6_10_3","p6_10_3","1,2"
"Pregunta P6.10A.3.1  ¿Cuánto tiempo le dedicó de lunes a viernes? - HORAS","2","C","p6_10a_3_1","","00 - 40"
"Pregunta P6.10A.3.2  ¿Cuánto tiempo le dedicó de lunes a viernes? - MINUTOS","2","C","p6_10a_3_2","","00 - 55"
"Pregunta P6.10A.3.3  ¿Cuánto tiempo le dedicó sábado y domingo? - HORAS","2","C","p6_10a_3_3","","00 - 10"
"Pregunta P6.10A.3.4  ¿Cuánto tiempo le dedicó sábado y domingo? - MINUTOS","2","C","p6_10a_3_4","","00 - 45"
"Pregunta P6.10.4 Durante la semana pasada, ¿usted llevó a que lavaran, repararan o dieran mantenimiento a algún medio de transporte de su hogar? (bicicleta, moto, camioneta, automóvil)","1","C","p6_10_4","p6_10_4","1,2"
"Pregunta P6.10A.4.1  ¿Cuánto tiempo le dedicó de lunes a viernes? - HORAS","2","C","p6_10a_4_1","","00 - 48"
"Pregunta P6.10A.4.2  ¿Cuánto tiempo le dedicó de lunes a viernes? - MINUTOS","2","C","p6_10a_4_2","","00 - 55"
"Pregunta P6.10A.4.3  ¿Cuánto tiempo le dedicó sábado y domingo? - HORAS","2","C","p6_10a_4_3","","00 - 40"
"Pregunta P6.10A.4.4  ¿Cuánto tiempo le dedicó sábado y domingo? - MINUTOS","2","C","p6_10a_4_4","","00 - 50"
"Pregunta P6.10.5 Durante la semana pasada, ¿usted cerró puertas, ventanas, puso candados u otras medidas para proteger sus bienes y su vivienda? (guardó el auto, encendió la alarma)","1","C","p6_10_5","p6_10_5","1,2"
"Pregunta P6.10A.5.1 ¿Cuánto tiempo le dedicó de lunes a viernes? - HORAS","2","C","p6_10a_5_1","","00 - 99"
"Pregunta P6.10A.5.2 ¿Cuánto tiempo le dedicó de lunes a viernes? - MINUTOS","2","C","p6_10a_5_2","","00 - 59"
"Pregunta P6.10A.5.3 ¿Cuánto tiempo le dedicó sábado y domingo? - HORAS","2","C","p6_10a_5_3","","00 - 40"
"Pregunta P6.10A.5.4 ¿Cuánto tiempo le dedicó sábado y domingo? - MINUTOS","2","C","p6_10a_5_4","","00 - 51"
"Pregunta P6.10.6 Durante la semana pasada, ¿usted esperó el gas, la pipa de agua, el camión de basura u otro servicio sin hacer otra actividad?","1","C","p6_10_6","p6_10_6","1,2"
"Pregunta P6.10A.6.1 ¿Cuánto tiempo le dedicó de lunes a viernes? - HORAS","2","C","p6_10a_6_1","","00 - 30"
"Pregunta P6.10A.6.2 ¿Cuánto tiempo le dedicó de lunes a viernes? - MINUTOS","2","C","p6_10a_6_2","","00 - 51"
"Pregunta P6.10A.6.3 ¿Cuánto tiempo le dedicó sábado y domingo? - HORAS","2","C","p6_10a_6_3","","00 - 30"
"Pregunta P6.10A.6.4 ¿Cuánto tiempo le dedicó sábado y domingo? - MINUTOS","2","C","p6_10a_6_4","","00 - 50"
"Pregunta P6.10.7 Durante la semana pasada, ¿usted organizó o repartió los quehaceres de su hogar? (indicó qué hacer de comer, supervisó la limpieza de su vivienda, etcétera)","1","C","p6_10_7","p6_10_7","1,2"
"Pregunta P6.10A.7.1  ¿Cuánto tiempo le dedicó de lunes a viernes? - HORAS","2","C","p6_10a_7_1","","00 - 60"
"Pregunta P6.10A.7.2  ¿Cuánto tiempo le dedicó de lunes a viernes? - MINUTOS","2","C","p6_10a_7_2","","00 - 55"
"Pregunta P6.10A.7.3  ¿Cuánto tiempo le dedicó sábado y domingo? - HORAS","2","C","p6_10a_7_3","","00 - 40"
"Pregunta P6.10A.7.4  ¿Cuánto tiempo le dedicó sábado y domingo? - MINUTOS","2","C","p6_10a_7_4","","00 - 50"
"Pregunta FP6.11  VERIFIQUE SI HAY INTEGRANTES QUE NECESITARON CUIDADOS ESPECIALES (PREGUNTA 3.11 = 1)","1","C","fp6_11","fp6_11","1-3"
"Pregunta P6.11.01  (NOMBRE(S)) necesitó(aron) cuidados de otra persona Durante la semana pasada, sea en la casa, hospital u otro lugar, ¿usted le(s) dio de comer o ayudó a hacerlo?","1","C","p6_11_01","p6_11_01","1,2"
"Pregunta P6.11A.01.1  ¿Cuánto tiempo le dedicó de lunes a viernes? - HORAS","2","C","p6_11a_01_1","","00 - 95"
"Pregunta P6.11A.01.2  ¿Cuánto tiempo le dedicó de lunes a viernes? - MINUTOS","2","C","p6_11a_01_2","","00 - 55"
"Pregunta P6.11A.01.3  ¿Cuánto tiempo le dedicó sábado y domingo? - HORAS","2","C","p6_11a_01_3","","00 - 38"
"Pregunta P6.11A.01.4  ¿Cuánto tiempo le dedicó sábado y domingo? - MINUTOS","2","C","p6_11a_01_4","","00 - 50"
"Pregunta P6.11.02  (NOMBRE(S)) necesitó(aron) cuidados de otra persona Durante la semana pasada, sea en la casa, hospital u otro lugar, ¿usted lo(s) bañó, aseó, vistió, arregló o ayudó a hacerlo?","1","C","p6_11_02","p6_11_02","1,2"
"Pregunta P6.11A.02.1  ¿Cuánto tiempo le dedicó de lunes a viernes? - HORAS","2","C","p6_11a_02_1","","00 - 25"
"Pregunta P6.11A.02.2  ¿Cuánto tiempo le dedicó de lunes a viernes? - MINUTOS","2","C","p6_11a_02_2","","00 - 50"
"Pregunta P6.11A.02.3  ¿Cuánto tiempo le dedicó sábado y domingo? - HORAS","2","C","p6_11a_02_3","","00 - 40"
"Pregunta P6.11A.02.4  ¿Cuánto tiempo le dedicó sábado y domingo? - MINUTOS","2","C","p6_11a_02_4","","00 - 50"
"Pregunta P6.11.03  (NOMBRE(S)) necesitó(aron) cuidados de otra persona Durante la semana pasada, sea en la casa, hospital u otro lugar, ¿usted lo(s) cargó, acostó o le(s) ayudó a hacerlo?","1","C","p6_11_03","p6_11_03","1,2"
"Pregunta P6.11A.03.1  ¿Cuánto tiempo le dedicó de lunes a viernes? - HORAS","2","C","p6_11a_03_1","","00 - 54"
"Pregunta P6.11A.03.2  ¿Cuánto tiempo le dedicó de lunes a viernes? - MINUTOS","2","C","p6_11a_03_2","","00 - 52"
"Pregunta P6.11A.03.3  ¿Cuánto tiempo le dedicó sábado y domingo? - HORAS","2","C","p6_11a_03_3","","00 - 20"
"Pregunta P6.11A.03.4  ¿Cuánto tiempo le dedicó sábado y domingo? - MINUTOS","2","C","p6_11a_03_4","","00 - 50"
"Pregunta P6.11.04  (NOMBRE(S)) necesitó(aron) cuidados de otra persona Durante la semana pasada, sea en la casa, hospital u otro lugar, ¿usted le(s) preparó remedios caseros o algún alimento especial?","1","C","p6_11_04","p6_11_04","1,2"
"Pregunta P6.11A.04.1  ¿Cuánto tiempo le dedicó de lunes a viernes? - HORAS","2","C","p6_11a_04_1","","00 - 30"
"Pregunta P6.11A.04.2  ¿Cuánto tiempo le dedicó de lunes a viernes? - MINUTOS","2","C","p6_11a_04_2","","00 - 50"
"Pregunta P6.11A.04.3  ¿Cuánto tiempo le dedicó sábado y domingo? - HORAS","2","C","p6_11a_04_3","","00 - 12"
"Pregunta P6.11A.04.4  ¿Cuánto tiempo le dedicó sábado y domingo? - MINUTOS","2","C","p6_11a_04_4","","00 - 55"
"Pregunta P6.11.05  (NOMBRE(S)) necesitó(aron) cuidados de otra persona Durante la semana pasada, sea en la casa, hospital u otro lugar, ¿usted le(s) dio medicamentos o checó sus síntomas? (temperatura, presión, otros)","1","C","p6_11_05","p6_11_05","1,2"
"Pregunta P6.11A.05.1  ¿Cuánto tiempo le dedicó de lunes a viernes?  - HORAS","2","C","p6_11a_05_1","","00 - 60"
"Pregunta P6.11A.05.2  ¿Cuánto tiempo le dedicó de lunes a viernes? - MINUTOS","2","C","p6_11a_05_2","","00 - 50"
"Pregunta P6.11A.05.3  ¿Cuánto tiempo le dedicó sábado y domingo? - HORAS","2","C","p6_11a_05_3","","00 - 24"
"Pregunta P6.11A.05.4  ¿Cuánto tiempo le dedicó sábado y domingo? - MINUTOS","2","C","p6_11a_05_4","","00 - 50"
"Pregunta P6.11.06  (NOMBRE(S)) necesitó(aron) cuidados de otra persona Durante la semana pasada, sea en la casa, hospital u otro lugar, ¿usted lo(s) llevó, recogió o esperó para que recibiera(n) atención de salud (exámenes, visitas al médico, etc.) o alguna terapia especial?","1","C","p6_11_06","p6_11_06","1,2"
"Pregunta P6.11A.06.1  ¿Cuánto tiempo le dedicó de lunes a viernes? - HORAS","2","C","p6_11a_06_1","","00 - 83"
"Pregunta P6.11A.06.2  ¿Cuánto tiempo le dedicó de lunes a viernes? - MINUTOS","2","C","p6_11a_06_2","","00 - 50"
"Pregunta P6.11A.06.3  ¿Cuánto tiempo le dedicó sábado y domingo? - HORAS","2","C","p6_11a_06_3","","00 - 24"
"Pregunta P6.11A.06.4  ¿Cuánto tiempo le dedicó sábado y domingo? - MINUTOS","2","C","p6_11a_06_4","","00 - 50"
"Pregunta P6.11.07  (NOMBRE(S)) necesitó(aron) cuidados de otra persona Durante la semana pasada, sea en la casa, hospital u otro lugar, ¿usted le(s) dio terapia especial o ayudó a realizar ejercicios?","1","C","p6_11_07","p6_11_07","1,2"
"Pregunta P6.11A.07.1  ¿Cuánto tiempo le dedicó de lunes a viernes? - HORAS","2","C","p6_11a_07_1","","00 - 45"
"Pregunta P6.11A.07.2  ¿Cuánto tiempo le dedicó de lunes a viernes? - MINUTOS","2","C","p6_11a_07_2","","00 - 55"
"Pregunta P6.11A.07.3  ¿Cuánto tiempo le dedicó sábado y domingo? - HORAS","2","C","p6_11a_07_3","","00 - 35"
"Pregunta P6.11A.07.4  ¿Cuánto tiempo le dedicó sábado y domingo? - MINUTOS","2","C","p6_11a_07_4","","00 - 50"
"Pregunta P6.11.08  (NOMBRE(S)) necesitó(aron) cuidados de otra persona Durante la semana pasada, sea en la casa, hospital u otro lugar, ¿usted lo(s) llevó y/o recogió de clases, trabajo u otro lugar?","1","C","p6_11_08","p6_11_08","1,2"
"Pregunta P6.11A.08.1  ¿Cuánto tiempo le dedicó de lunes a viernes? - HORAS","2","C","p6_11a_08_1","","00 - 25"
"Pregunta P6.11A.08.2  ¿Cuánto tiempo le dedicó de lunes a viernes? - MINUTOS","2","C","p6_11a_08_2","","00 - 50"
"Pregunta P6.11A.08.3  ¿Cuánto tiempo le dedicó sábado y domingo? - HORAS","2","C","p6_11a_08_3","","00 - 10"
"Pregunta P6.11A.08.4  ¿Cuánto tiempo le dedicó sábado y domingo? - MINUTOS","2","C","p6_11a_08_4","","00 - 40"
"Pregunta P6.11.09  (NOMBRE(S)) necesitó(aron) cuidados de otra persona Durante la semana pasada, sea en la casa, hospital u otro lugar, ¿usted lo(s) ayudó o apoyó en las tareas de la escuela o trabajo?","1","C","p6_11_09","p6_11_09","1,2"
"Pregunta P6.11A.09.1  ¿Cuánto tiempo le dedicó de lunes a viernes? - HORAS","2","C","p6_11a_09_1","","00 - 32"
"Pregunta P6.11A.09.2  ¿Cuánto tiempo le dedicó de lunes a viernes? - MINUTOS","2","C","p6_11a_09_2","","00 - 50"
"Pregunta P6.11A.09.3  ¿Cuánto tiempo le dedicó sábado y domingo? - HORAS","2","C","p6_11a_09_3","","00 - 05"
"Pregunta P6.11A.09.4  ¿Cuánto tiempo le dedicó sábado y domingo? - MINUTOS","2","C","p6_11a_09_4","","00 - 50"
"Pregunta P6.11.10  (NOMBRE(S)) necesitó(aron) cuidados de otra persona Durante la semana pasada, sea en la casa, hospital u otro lugar, ¿usted asistió a juntas, festivales o actividades de apoyo escolar?","1","C","p6_11_10","p6_11_10","1,2"
"Pregunta P6.11A.10.1  ¿Cuánto tiempo le dedicó de lunes a viernes? - HORAS","2","C","p6_11a_10_1","","00 - 12"
"Pregunta P6.11A.10.2  ¿Cuánto tiempo le dedicó de lunes a viernes? - MINUTOS","2","C","p6_11a_10_2","","00 - 50"
"Pregunta P6.11A.10.3  ¿Cuánto tiempo le dedicó sábado y domingo? - HORAS","2","C","p6_11a_10_3","","00 - 07"
"Pregunta P6.11A.10.4  ¿Cuánto tiempo le dedicó sábado y domingo? - MINUTOS","2","C","p6_11a_10_4","","00"
"Pregunta P6.11.11  (NOMBRE(S)) necesitó(aron) cuidados de otra persona Durante la semana pasada, sea en la casa, hospital u otro lugar, ¿usted mientras hacía otra cosa, lo(s) cuidó o estuvo al pendiente?","1","C","p6_11_11","p6_11_11","1,2"
"Pregunta P6.11A.11.1  ¿Cuánto tiempo le dedicó de lunes a viernes? - HORAS","2","C","p6_11a_11_1","","00 - 99"
"Pregunta P6.11A.11.2  ¿Cuánto tiempo le dedicó de lunes a viernes? - MINUTOS","2","C","p6_11a_11_2","","00 - 59"
"Pregunta P6.11A.11.3  ¿Cuánto tiempo le dedicó sábado y domingo? - HORAS","2","C","p6_11a_11_3","","00 - 48"
"Pregunta P6.11A.11.4  ¿Cuánto tiempo le dedicó sábado y domingo? - MINUTOS","2","C","p6_11a_11_4","","00 - 50"
"Pregunta FP6.12  VERIFIQUE SI HAY INTEGRANTES DE 0 A 5 AÑOS Y SIN CUIDADOS ESPECIALES (SU NOMBRE Y/O NÚMERO DE RENGLÓN NO ESTÁ EN 3.11a)","1","C","fp6_12","fp6_12","1,2"
"Pregunta P6.12.1 Durante la semana pasada, ¿usted a (NOMBRE(S)) le(s) dio de comer (amamantó) o dio de beber?","1","C","p6_12_1","p6_12_1","1,2"
"Pregunta P6.12A.1.1  ¿Cuánto tiempo le dedicó de lunes a viernes? - HORAS","2","C","p6_12a_1_1","","00 - 99"
"Pregunta P6.12A.1.2  ¿Cuánto tiempo le dedicó de lunes a viernes? - MINUTOS","2","C","p6_12a_1_2","","00 - 55"
"Pregunta P6.12A.1.3  ¿Cuánto tiempo le dedicó sábado y domingo? - HORAS","2","C","p6_12a_1_3","","00 - 40"
"Pregunta P6.12A.1.4  ¿Cuánto tiempo le dedicó sábado y domingo? - MINUTOS","2","C","p6_12a_1_4","","00 - 55"
"Pregunta P6.12.2 Durante la semana pasada, ¿usted a (NOMBRE(S)) lo(s) bañó, aseó (cambió pañales), vistió o arregló?","1","C","p6_12_2","p6_12_2","1,2"
"Pregunta P6.12A.2.1  ¿Cuánto tiempo le dedicó de lunes a viernes? - HORAS","2","C","p6_12a_2_1","","00 - 50"
"Pregunta P6.12A.2.2  ¿Cuánto tiempo le dedicó de lunes a viernes? - MINUTOS","2","C","p6_12a_2_2","","00 - 55"
"Pregunta P6.12A.2.3  ¿Cuánto tiempo le dedicó sábado y domingo? - HORAS","2","C","p6_12a_2_3","","00 - 40"
"Pregunta P6.12A.2.4  ¿Cuánto tiempo le dedicó sábado y domingo? - MINUTOS","2","C","p6_12a_2_4","","00 - 55"
"Pregunta P6.12.3 Durante la semana pasada, ¿usted a (NOMBRE(S)) lo(s) cargó o acostó?","1","C","p6_12_3","p6_12_3","1,2"
"Pregunta P6.12A.3.1  ¿Cuánto tiempo le dedicó de lunes a viernes? - HORAS","2","C","p6_12a_3_1","","00 - 99"
"Pregunta P6.12A.3.2  ¿Cuánto tiempo le dedicó de lunes a viernes? - MINUTOS","2","C","p6_12a_3_2","","00 - 55"
"Pregunta P6.12A.3.3  ¿Cuánto tiempo le dedicó sábado y domingo? - HORAS","2","C","p6_12a_3_3","","00 - 48"
"Pregunta P6.12A.3.4  ¿Cuánto tiempo le dedicó sábado y domingo? - MINUTOS","2","C","p6_12a_3_4","","00 - 50"
"Pregunta FP6.13  VERIFIQUE SI HAY INTEGRANTES DE 0 A 14 AÑOS Y SIN CUIDADOS ESPECIALES (SU NOMBRE Y/O NÚMERO DE RENGLÓN NO ESTÁ EN 3.11a)","1","C","fp6_13","fp6_13","1-3"
"Pregunta P6.13.1 Durante la semana pasada, ¿usted a (NOMBRE(S)) lo(s) llevó y/o recogió de la guardería, de clases, de la casa de algún familiar o amigo para ser cuidado?","1","C","p6_13_1","p6_13_1","1,2"
"Pregunta P6.13A.1.1  ¿Cuánto tiempo le dedicó de lunes a viernes? - HORAS","2","C","p6_13a_1_1","","00 - 50"
"Pregunta P6.13A.1.2  ¿Cuánto tiempo le dedicó de lunes a viernes? - MINUTOS","2","C","p6_13a_1_2","","00 - 55"
"Pregunta P6.13A.1.3  ¿Cuánto tiempo le dedicó sábado y domingo? - HORAS","2","C","p6_13a_1_3","","00 - 30"
"Pregunta P6.13A.1.4  ¿Cuánto tiempo le dedicó sábado y domingo? - MINUTOS","2","C","p6_13a_1_4","","00 - 50"
"Pregunta P6.13.2 Durante la semana pasada, ¿usted a (NOMBRE(S)) le(s) dio terapia especial o ayudó a realizar ejercicios?","1","C","p6_13_2","p6_13_2","1,2"
"Pregunta P6.13A.2.1  ¿Cuánto tiempo le dedicó de lunes a viernes? - HORAS","2","C","p6_13a_2_1","","00 - 52"
"Pregunta P6.13A.2.2  ¿Cuánto tiempo le dedicó de lunes a viernes? - MINUTOS","2","C","p6_13a_2_2","","00 - 50"
"Pregunta P6.13A.2.3  ¿Cuánto tiempo le dedicó sábado y domingo? - HORAS","2","C","p6_13a_2_3","","00 - 24"
"Pregunta P6.13A.2.4  ¿Cuánto tiempo le dedicó sábado y domingo? - MINUTOS","2","C","p6_13a_2_4","","00 - 50"
"Pregunta P6.13.3 Durante la semana pasada, ¿usted a (NOMBRE(S)) lo(s) ayudó en las tareas de la escuela?","1","C","p6_13_3","p6_13_3","1,2"
"Pregunta P6.13A.3.1  ¿Cuánto tiempo le dedicó de lunes a viernes? - HORAS","2","C","p6_13a_3_1","","00 - 92"
"Pregunta P6.13A.3.2  ¿Cuánto tiempo le dedicó de lunes a viernes? - MINUTOS","2","C","p6_13a_3_2","","00 - 55"
"Pregunta P6.13A.3.3  ¿Cuánto tiempo le dedicó sábado y domingo? - HORAS","2","C","p6_13a_3_3","","00 - 30"
"Pregunta P6.13A.3.4  ¿Cuánto tiempo le dedicó sábado y domingo? - MINUTOS","2","C","p6_13a_3_4","","00 - 55"
"Pregunta P6.13.4 Durante la semana pasada, ¿usted a (NOMBRE(S)) asistió a juntas, festivales o actividades de apoyo en la guardería o escuela?","1","C","p6_13_4","p6_13_4","1,2"
"Pregunta P6.13A.4.1  ¿Cuánto tiempo le dedicó de lunes a viernes? - HORAS","2","C","p6_13a_4_1","","00 - 50"
"Pregunta P6.13A.4.2  ¿Cuánto tiempo le dedicó de lunes a viernes? - MINUTOS","2","C","p6_13a_4_2","","00 - 55"
"Pregunta P6.13A.4.3  ¿Cuánto tiempo le dedicó sábado y domingo? - HORAS","2","C","p6_13a_4_3","","00 - 19"
"Pregunta P6.13A.4.4  ¿Cuánto tiempo le dedicó sábado y domingo? - MINUTOS","2","C","p6_13a_4_4","","00 - 40"
"Pregunta P6.13.5 Durante la semana pasada, ¿usted a (NOMBRE(S)) lo(s) llevó, recogió o esperó para que recibiera(n) atención de salud? (vacunas, dentista, chequeo médico, etcétera)","1","C","p6_13_5","p6_13_5","1,2"
"Pregunta P6.13A.5.1 ¿Cuánto tiempo le dedicó de lunes a viernes? - HORAS","2","C","p6_13a_5_1","","00 - 60"
"Pregunta P6.13A.5.2 ¿Cuánto tiempo le dedicó de lunes a viernes? - MINUTOS","2","C","p6_13a_5_2","","00 - 50"
"Pregunta P6.13A.5.3 ¿Cuánto tiempo le dedicó sábado y domingo? - HORAS","2","C","p6_13a_5_3","","00 - 48"
"Pregunta P6.13A.5.4 ¿Cuánto tiempo le dedicó sábado y domingo? - MINUTOS","2","C","p6_13a_5_4","","00 - 55"
"Pregunta P6.13.6 Durante la semana pasada, ¿usted a (NOMBRE(S)) mientras hacía otra cosa, lo(s) cuidó o estuvo al pendiente?","1","C","p6_13_6","p6_13_6","1,2"
"Pregunta P6.13A.6.1 ¿Cuánto tiempo le dedicó de lunes a viernes? - HORAS","2","C","p6_13a_6_1","","00 - 99"
"Pregunta P6.13A.6.2 ¿Cuánto tiempo le dedicó de lunes a viernes? - MINUTOS","2","C","p6_13a_6_2","","00 - 55"
"Pregunta P6.13A.6.3 ¿Cuánto tiempo le dedicó sábado y domingo? - HORAS","2","C","p6_13a_6_3","","00 - 48"
"Pregunta P6.13A.6.4 ¿Cuánto tiempo le dedicó sábado y domingo? - MINUTOS","2","C","p6_13a_6_4","","00 - 50"
"Pregunta FP6.14  VERIFIQUE SI HAY INTEGRANTES DE 15 A 59 AÑOS Y SIN CUIDADOS ESPECIALES (SU NOMBRE Y/O NÚMERO DE RENGLÓN NO ESTÁ EN 3.11a)","1","C","fp6_14","fp6_14","1-3"
"Pregunta P6.14.1 Durante la semana pasada, ¿usted a (NOMBRE(S)) lo(s) apoyó o asesoró en el uso de la computadora, celular, internet o actividades relacionadas con sus cursos o clases?","1","C","p6_14_1","p6_14_1","1,2"
"Pregunta P6.14A.1.1  ¿Cuánto tiempo le dedicó de lunes a viernes? - HORAS","2","C","p6_14a_1_1","","00 - 50"
"Pregunta P6.14A.1.2  ¿Cuánto tiempo le dedicó de lunes a viernes? -MINUTOS","2","C","p6_14a_1_2","","00 - 51"
"Pregunta P6.14A.1.3  ¿Cuánto tiempo le dedicó sábado y domingo? - HORAS","2","C","p6_14a_1_3","","00 - 30"
"Pregunta P6.14A.1.4  ¿Cuánto tiempo le dedicó sábado y domingo? - MINUTOS","2","C","p6_14a_1_4","","00 - 50"
"Pregunta P6.14.2 Durante la semana pasada, ¿usted a (NOMBRE(S)) lo(s) llevó, recogió o esperó para que recibiera(n) atención de salud? (vacunas, dentista, chequeo médico, etcétera)","1","C","p6_14_2","p6_14_2","1,2"
"Pregunta P6.14A.2.1  ¿Cuánto tiempo le dedicó de lunes a viernes? - HORAS","2","C","p6_14a_2_1","","00 - 66"
"Pregunta P6.14A.2.2  ¿Cuánto tiempo le dedicó de lunes a viernes? - MINUTOS","2","C","p6_14a_2_2","","00 - 50"
"Pregunta P6.14A.2.3  ¿Cuánto tiempo le dedicó sábado y domingo? - HORAS","2","C","p6_14a_2_3","","00 - 26"
"Pregunta P6.14A.2.4  ¿Cuánto tiempo le dedicó sábado y domingo? - MINUTOS","2","C","p6_14a_2_4","","00 - 51"
"Pregunta P6.14.3 Durante la semana pasada, ¿usted a (NOMBRE(S)) lo(s) llevó y/o recogió de clases, trabajo, de algún trámite u otro lugar?","1","C","p6_14_3","p6_14_3","1,2"
"Pregunta P6.14A.3.1  ¿Cuánto tiempo le dedicó de lunes a viernes? - HORAS","2","C","p6_14a_3_1","","00 - 60"
"Pregunta P6.14A.3.2  ¿Cuánto tiempo le dedicó de lunes a viernes? - MINUTOS","2","C","p6_14a_3_2","","00 - 55"
"Pregunta P6.14A.3.3  ¿Cuánto tiempo le dedicó sábado y domingo? - HORAS","2","C","p6_14a_3_3","","00 - 30"
"Pregunta P6.14A.3.4  ¿Cuánto tiempo le dedicó sábado y domingo? - MINUTOS","2","C","p6_14a_3_4","","00 - 50"
"Pregunta FP6.15 VERIFIQUE SI HAY INTEGRANTES DE 60 AÑOS Y MÁS Y SIN CUIDADOS ESPECIALES (SU NOMBRE Y/O NÚMERO DE RENGLÓN NO ESTÁ EN 3.11a)","1","C","fp6_15","fp6_15","1-3"
"Pregunta P6.15.1 Durante la semana pasada, ¿usted a (NOMBRE(S)) lo(s) apoyó o asesoró en el uso de la computadora, celular, internet o actividades relacionadas con sus cursos o clases?","1","C","p6_15_1","p6_15_1","1,2"
"Pregunta P6.15A.1.1  ¿Cuánto tiempo le dedicó de lunes a viernes? - HORAS","2","C","p6_15a_1_1","","00 - 50"
"Pregunta P6.15A.1.2  ¿Cuánto tiempo le dedicó de lunes a viernes? - MINUTOS","2","C","p6_15a_1_2","","00 - 50"
"Pregunta P6.15A.1.3  ¿Cuánto tiempo le dedicó sábado y domingo? - HORAS","2","C","p6_15a_1_3","","00 - 20"
"Pregunta P6.15A.1.4  ¿Cuánto tiempo le dedicó sábado y domingo? - MINUTOS","2","C","p6_15a_1_4","","00 - 50"
"Pregunta P6.15.2 Durante la semana pasada, ¿usted a (NOMBRE(S)) lo(s) llevó, recogió o esperó para que recibiera(n) atención de salud? (vacunas, dentista, chequeo médico, etcétera)","1","C","p6_15_2","p6_15_2","1,2"
"Pregunta P6.15A.2.1  ¿Cuánto tiempo le dedicó de lunes a viernes? - HORAS","2","C","p6_15a_2_1","","00 - 48"
"Pregunta P6.15A.2.2  ¿Cuánto tiempo le dedicó de lunes a viernes? - MINUTOS","2","C","p6_15a_2_2","","00 - 50"
"Pregunta P6.15A.2.3  ¿Cuánto tiempo le dedicó sábado y domingo? - HORAS","2","C","p6_15a_2_3","","00 - 18"
"Pregunta P6.15A.2.4  ¿Cuánto tiempo le dedicó sábado y domingo? - MINUTOS","2","C","p6_15a_2_4","","00 - 30"
"Pregunta P6.15.3 Durante la semana pasada, ¿usted a (NOMBRE(S)) lo(s) llevó y/o recogió del trabajo, de algún trámite u otro lugar?","1","C","p6_15_3","p6_15_3","1,2"
"Pregunta P6.15A.3.1  ¿Cuánto tiempo le dedicó de lunes a viernes? - HORAS","2","C","p6_15a_3_1","","00 - 20"
"Pregunta P6.15A.3.2  ¿Cuánto tiempo le dedicó de lunes a viernes? - MINUTOS","2","C","p6_15a_3_2","","00 - 50"
"Pregunta P6.15A.3.3  ¿Cuánto tiempo le dedicó sábado y domingo? - HORAS","2","C","p6_15a_3_3","","00 - 20"
"Pregunta P6.15A.3.4  ¿Cuánto tiempo le dedicó sábado y domingo? - MINUTOS","2","C","p6_15a_3_4","","00 - 50"
"Pregunta P6.15.4 Durante la semana pasada, ¿usted a (NOMBRE(S)) mientras hacía otra cosa, lo(s) cuidó o estuvo al pendiente?","1","C","p6_15_4","p6_15_4","1,2"
"Pregunta P6.15A.4.1  ¿Cuánto tiempo le dedicó de lunes a viernes? - HORAS","2","C","p6_15a_4_1","","00 - 99"
"Pregunta P6.15A.4.2  ¿Cuánto tiempo le dedicó de lunes a viernes? - MINUTOS","2","C","p6_15a_4_2","","00 - 50"
"Pregunta P6.15A.4.3  ¿Cuánto tiempo le dedicó sábado y domingo? - HORAS","2","C","p6_15a_4_3","","00 - 48"
"Pregunta P6.15A.4.4  ¿Cuánto tiempo le dedicó sábado y domingo? - MINUTOS","2","C","p6_15a_4_4","","00 - 50"
"Pregunta P6.16.1 Durante la semana pasada, ¿usted ayudó de manera gratuita a otro hogar en los quehaceres domésticos? (preparación de alimentos, limpieza de la vivienda, lavado o planchado de ropa, etcétera)","1","C","p6_16_1","p6_16_1","1,2"
"Pregunta P6.16A.1.1  ¿Cuánto tiempo le dedicó de lunes a viernes? - HORAS","2","C","p6_16a_1_1","","00 - 92"
"Pregunta P6.16A.1.2  ¿Cuánto tiempo le dedicó de lunes a viernes? - MINUTOS","2","C","p6_16a_1_2","","00 - 54"
"Pregunta P6.16A.1.3  ¿Cuánto tiempo le dedicó sábado y domingo? - HORAS","2","C","p6_16a_1_3","","00 - 30"
"Pregunta P6.16A.1.4  ¿Cuánto tiempo le dedicósábado y domingo? - MINUTOS","2","C","p6_16a_1_4","","00 - 50"
"Pregunta P6.16.2 Durante la semana pasada, ¿usted ayudó de manera gratuita a otro hogar en las compras, pagos, trámites, reparaciones de esa vivienda?","1","C","p6_16_2","p6_16_2","1,2"
"Pregunta P6.16A.2.1  ¿Cuánto tiempo le dedicó de lunes a viernes? - HORAS","2","C","p6_16a_2_1","","00 - 50"
"Pregunta P6.16A.2.2  ¿Cuánto tiempo le dedicó de lunes a viernes? - MINUTOS","2","C","p6_16a_2_2","","00 - 55"
"Pregunta P6.16A.2.3  ¿Cuánto tiempo le dedicó sábado y domingo? - HORAS","2","C","p6_16a_2_3","","00 - 40"
"Pregunta P6.16A.2.4  ¿Cuánto tiempo le dedicó sábado y domingo? - MINUTOS","2","C","p6_16a_2_4","","00 - 50"
"Pregunta P6.16.3 Durante la semana pasada, ¿usted ayudó de manera gratuita a otro hogar en la atención de personas que necesitaron cuidados por discapacidad o enfermedad? (darles su medicina, llevarlos al doctor, entre otras)","1","C","p6_16_3","p6_16_3","1,2"
"Pregunta P6.16A.3.1  ¿Cuánto tiempo le dedicó de lunes a viernes? - HORAS","2","C","p6_16a_3_1","","00 - 99"
"Pregunta P6.16A.3.2  ¿Cuánto tiempo le dedicó de lunes a viernes? - MINUTOS","2","C","p6_16a_3_2","","00 - 59"
"Pregunta P6.16A.3.3  ¿Cuánto tiempo le dedicó sábado y domingo? - HORAS","2","C","p6_16a_3_3","","00 - 48"
"Pregunta P6.16A.3.4  ¿Cuánto tiempo le dedicó sábado y domingo? - MINUTOS","2","C","p6_16a_3_4","","00 - 50"
"Pregunta P6.16.4 Durante la semana pasada, ¿usted ayudó de manera gratuita a otro hogar en el cuidado de menores de 6 años? (llevarlos o recogerlos a la guardería o estancia, cargarlos, bañarlos, ayudarlos en las tareas escolares, etcétera)","1","C","p6_16_4","p6_16_4","1,2"
"Pregunta P6.16A.4.1  ¿Cuánto tiempo le dedicó de lunes a viernes? - HORAS","2","C","p6_16a_4_1","","00 - 92"
"Pregunta P6.16A.4.2  ¿Cuánto tiempo le dedicó de lunes a viernes? - MINUTOS","2","C","p6_16a_4_2","","00 - 55"
"Pregunta P6.16A.4.3  ¿Cuánto tiempo le dedicó sábado y domingo? - HORAS","2","C","p6_16a_4_3","","00 - 48"
"Pregunta P6.16A.4.4  ¿Cuánto tiempo le dedicó sábado y domingo? - MINUTOS","2","C","p6_16a_4_4","","00 - 50"
"Pregunta P6.16.5 Durante la semana pasada, ¿usted ayudó de manera gratuita a otro hogar en el cuidado de personas de 6 a 59 años? (llevarlos o recogerlos de clases, trabajo, ayudarlos en las tareas escolares, acompañarlos durante la atención de salud, etcétera)","1","C","p6_16_5","p6_16_5","1,2"
"Pregunta P6.16A.5.1  ¿Cuánto tiempo le dedicó de lunes a viernes? - HORAS","2","C","p6_16a_5_1","","00 - 96"
"Pregunta P6.16A.5.2  ¿Cuánto tiempo le dedicó de lunes a viernes? - MINUTOS","2","C","p6_16a_5_2","","00 - 50"
"Pregunta P6.16A.5.3  ¿Cuánto tiempo le dedicó sábado y domingo? - HORAS","2","C","p6_16a_5_3","","00 - 48"
"Pregunta P6.16A.5.4  ¿Cuánto tiempo le dedicó sábado y domingo? - MINUTOS","2","C","p6_16a_5_4","","00 - 50"
"Pregunta P6.16.6 Durante la semana pasada, ¿usted ayudó de manera gratuita a otro hogar en el cuidado de personas de 60 años y más? (llevarlos, recogerlos o esperarlos para hacer cobros, trámites, etcétera)","1","C","p6_16_6","p6_16_6","1,2"
"Pregunta P6.16A.6.1  ¿Cuánto tiempo le dedicó de lunes a viernes? - HORAS","2","C","p6_16a_6_1","","00 - 60"
"Pregunta P6.16A.6.2  ¿Cuánto tiempo le dedicó de lunes a viernes? - MINUTOS","2","C","p6_16a_6_2","","00 - 50"
"Pregunta P6.16A.6.3  ¿Cuánto tiempo le dedicó sábado y domingo? - HORAS","2","C","p6_16a_6_3","","00 - 45"
"Pregunta P6.16A.6.4  ¿Cuánto tiempo le dedicó sábado y domingo? - MINUTOS","2","C","p6_16a_6_4","","00 - 50"
"Pregunta P6.17.1 Durante la semana pasada, ¿usted hizo actividades o servicios gratuitos como voluntario en la Cruz Roja, asilos, casa hogar, DIF, hospitales, iglesias, Alcohólicos Anónimos, partidos políticos, etcétera?","1","C","p6_17_1","p6_17_1","1,2"
"Pregunta P6.17A.1.1  ¿Cuánto tiempo le dedicó de lunes a viernes? - HORAS","2","C","p6_17a_1_1","","00 - 76"
"Pregunta P6.17A.1.2  ¿Cuánto tiempo le dedicó de lunes a viernes? - MINUTOS","2","C","p6_17a_1_2","","00 - 50"
"Pregunta P6.17A.1.3  ¿Cuánto tiempo le dedicó sábado y domingo? - HORAS","2","C","p6_17a_1_3","","00 - 35"
"Pregunta P6.17A.1.4  ¿Cuánto tiempo le dedicó sábado y domingo? - MINUTOS","2","C","p6_17a_1_4","","00 - 50"
"Pregunta P6.17.2 Durante la semana pasada, ¿usted hizo actividades o servicios gratuitos para la comunidad como tequio, faena, mano vuelta, mayordomía, fiestas patronales o sembrar árboles, limpiar calles, ríos, mercados, etcétera?","1","C","p6_17_2","p6_17_2","1,2"
"Pregunta P6.17A.2.1  ¿Cuánto tiempo le dedicó de lunes a viernes? - HORAS","2","C","p6_17a_2_1","","00 - 56"
"Pregunta P6.17A.2.2  ¿Cuánto tiempo le dedicó de lunes a viernes? - MINUTOS","2","C","p6_17a_2_2","","00 - 50"
"Pregunta P6.17A.2.3  ¿Cuánto tiempo le dedicó sábado y domingo? - HORAS","2","C","p6_17a_2_3","","00 - 22"
"Pregunta P6.17A.2.4  ¿Cuánto tiempo le dedicó sábado y domingo? - MINUTOS","2","C","p6_17a_2_4","","00 - 45"
"Pregunta P6.18 Durante la semana pasada, en su tiempo libre ¿usted hizo deporte o ejercicio físico? (fútbol, basquetbol, natación, box, karate, caminar, correr, patinar, andar en bicicleta, yoga, zumba)","1","C","p6_18","p6_18","1,2"
"Pregunta P6.18A.1  ¿Cuánto tiempo le dedicó de lunes a viernes? - HORAS","2","C","p6_18a_1","","00 - 57"
"Pregunta P6.18A.2  ¿Cuánto tiempo le dedicó de lunes a viernes? - MINUTOS","2","C","p6_18a_2","","00 - 55"
"Pregunta P6.18A.3  ¿Cuánto tiempo le dedicó sábado y domingo? - HORAS","2","C","p6_18a_3","","00 - 40"
"Pregunta P6.18A.4  ¿Cuánto tiempo le dedicó sábado y domingo? - MINUTOS","2","C","p6_18a_4","","00 - 55"
"Pregunta P6.19.1 Durante la semana pasada, ¿usted realizó actividades artísticas o culturales? (tocar un instrumento musical, pintar o realizar artes plásticas, gráficas, literarias o escénicas; incluye danza)","1","C","p6_19_1","p6_19_1","1,2"
"Pregunta P6.19A.1.1  ¿Cuánto tiempo le dedicó de lunes a viernes? - HORAS","2","C","p6_19a_1_1","","00 - 70"
"Pregunta P6.19A.1.2  ¿Cuánto tiempo le dedicó de lunes a viernes? - MINUTOS","2","C","p6_19a_1_2","","00 - 50"
"Pregunta P6.19A.1.3  ¿Cuánto tiempo le dedicó sábado y domingo? - HORAS","2","C","p6_19a_1_3","","00 - 30"
"Pregunta P6.19A.1.4  ¿Cuánto tiempo le dedicó sábado y domingo? - MINUTOS","2","C","p6_19a_1_4","","00 - 50"
"Pregunta P6.19.2 Durante la semana pasada, ¿usted participó en juegos de mesa o azar (cartas, ajedrez, dominó, ruleta, etcétera), videojuegos, aficiones o pasatiempos (manualidades)?","1","C","p6_19_2","p6_19_2","1,2"
"Pregunta P6.19A.2.1 ¿Cuánto tiempo le dedicó de lunes a viernes? - HORAS","2","C","p6_19a_2_1","","00 - 50"
"Pregunta P6.19A.2.2 ¿Cuánto tiempo le dedicó de lunes a viernes? - MINUTOS","2","C","p6_19a_2_2","","00 - 50"
"Pregunta P6.19A.2.3 ¿Cuánto tiempo le dedicó sábado y domingo? - HORAS","2","C","p6_19a_2_3","","00 - 30"
"Pregunta P6.19A.2.4 ¿Cuánto tiempo le dedicó sábado y domingo? - MINUTOS","2","C","p6_19a_2_4","","00 - 50"
"Pregunta P6.20 Durante la semana pasada, ¿usted asistió a parques, cines, ferias, estadios o canchas, museos u otros sitios culturales o de entretenimiento?","1","C","p6_20","p6_20","1,2"
"Pregunta P6.20A.1  ¿Cuánto tiempo le dedicó de lunes a viernes? - HORAS","2","C","p6_20a_1","","00 - 60"
"Pregunta P6.20A.2  ¿Cuánto tiempo le dedicó de lunes a viernes? - MINUTOS","2","C","p6_20a_2","","00 - 55"
"Pregunta P6.20A.3  ¿Cuánto tiempo le dedicó sábado y domingo? - HORAS","2","C","p6_20a_3","","00 - 48"
"Pregunta P6.20A.4  ¿Cuánto tiempo le dedicó sábado y domingo? - MINUTOS","2","C","p6_20a_4","","00 - 56"
"Pregunta P6.21.1 Durante la semana pasada, ¿usted dedicó tiempo especial (sin hacer otra actividad) a los integrantes de su hogar para platicar de las actividades diarias, consolar o aconsejar?","1","C","p6_21_1","p6_21_1","1,2"
"Pregunta P6.21A.1.1  ¿Cuánto tiempo le dedicó de lunes a viernes? - HORAS","2","C","p6_21a_1_1","","00 - 60"
"Pregunta P6.21A.1.2  ¿Cuánto tiempo le dedicó de lunes a viernes? - MINUTOS","2","C","p6_21a_1_2","","00 - 55"
"Pregunta P6.21A.1.3  ¿Cuánto tiempo le dedicó sábado y domingo? - HORAS","2","C","p6_21a_1_3","","00 - 48"
"Pregunta P6.21A.1.4  ¿Cuánto tiempo le dedicó sábado y domingo? - MINUTOS","2","C","p6_21a_1_4","","00 - 55"
"Pregunta P6.21.2 Durante la semana pasada, ¿usted asistió o participó en actividades o celebraciones religiosas? (actividades ceremoniales en casa u otro lugar, misas, rosarios u otro tipo de oraciones grupales, funerales, fiestas patronales, kermés de la iglesia)","1","C","p6_21_2","p6_21_2","1,2"
"Pregunta P6.21A.2.1  ¿Cuánto tiempo le dedicó de lunes a viernes? - HORAS","2","C","p6_21a_2_1","","00 - 91"
"Pregunta P6.21A.2.2  ¿Cuánto tiempo le dedicó de lunes a viernes? - MINUTOS","2","C","p6_21a_2_2","","00 - 55"
"Pregunta P6.21A.2.3  ¿Cuánto tiempo le dedicó sábado y domingo? - HORAS","2","C","p6_21a_2_3","","00 - 48"
"Pregunta P6.21A.2.4  ¿Cuánto tiempo le dedicó sábado y domingo? - MINUTOS","2","C","p6_21a_2_4","","00 - 56"
"Pregunta P6.21.3 Durante la semana pasada, ¿usted asistió a celebraciones cívicas o políticas? (desfiles, mítines, marchas, reuniones)","1","C","p6_21_3","p6_21_3","1,2"
"Pregunta P6.21A.3.1  ¿Cuánto tiempo le dedicó de lunes a viernes? - HORAS","2","C","p6_21a_3_1","","00 - 50"
"Pregunta P6.21A.3.2  ¿Cuánto tiempo le dedicó de lunes a viernes? - MINUTOS","2","C","p6_21a_3_2","","00 - 50"
"Pregunta P6.21A.3.3  ¿Cuánto tiempo le dedicó sábado y domingo? - HORAS","2","C","p6_21a_3_3","","00 - 16"
"Pregunta P6.21A.3.4  ¿Cuánto tiempo le dedicó sábado y domingo? - MINUTOS","2","C","p6_21a_3_4","","00 - 50"
"Pregunta P6.21.4 Durante la semana pasada, ¿usted asistió a fiestas, atendió visitas de familiares, amigos o conocidos? (visitar o recibir a alguien; ir al antro, bar, hablar por teléfono, escribir correspondencia)","1","C","p6_21_4","p6_21_4","1,2"
"Pregunta P6.21A.4.1  ¿Cuánto tiempo le dedicó de lunes a viernes? - HORAS","2","C","p6_21a_4_1","","00 - 99"
"Pregunta P6.21A.4.2  ¿Cuánto tiempo le dedicó de lunes a viernes? - MINUTOS","2","C","p6_21a_4_2","","00 - 55"
"Pregunta P6.21A.4.3  ¿Cuánto tiempo le dedicó sábado y domingo? - HORAS","2","C","p6_21a_4_3","","00 - 48"
"Pregunta P6.21A.4.4  ¿Cuánto tiempo le dedicó sábado y domingo? - MINUTOS","2","C","p6_21a_4_4","","00 - 55"
"Pregunta P6.22.1 Durante la semana pasada, PARA ENTRETENERSE ¿usted sin hacer otra actividad vio películas, novelas, series, programas, videos o documentales en televisión, tablet, celular o computadora?","1","C","p6_22_1","p6_22_1","1,2"
"Pregunta P6.22A.1.1  ¿Cuánto tiempo le dedicó de lunes a viernes? - HORAS","2","C","p6_22a_1_1","","00 - 80"
"Pregunta P6.22A.1.2  ¿Cuánto tiempo le dedicó de lunes a viernes? - MINUTOS","2","C","p6_22a_1_2","","00 - 55"
"Pregunta P6.22A.1.3  ¿Cuánto tiempo le dedicó sábado y domingo? - HORAS","2","C","p6_22a_1_3","","00 - 40"
"Pregunta P6.22A.1.4  ¿Cuánto tiempo le dedicó sábado y domingo? - MINUTOS","2","C","p6_22a_1_4","","00 - 50"
"Pregunta P6.22.2 Durante la semana pasada, PARA ENTRETENERSE ¿usted sin hacer otra actividad escuchó música, noticias u otro programa de radio en cualquier dispositivo o aparato de audio?","1","C","p6_22_2","p6_22_2","1,2"
"Pregunta P6.22A.2.1  ¿Cuánto tiempo le dedicó de lunes a viernes? - HORAS","2","C","p6_22a_2_1","","00 - 75"
"Pregunta P6.22A.2.2  ¿Cuánto tiempo le dedicó de lunes a viernes? - MINUTOS","2","C","p6_22a_2_2","","00 - 59"
"Pregunta P6.22A.2.3  ¿Cuánto tiempo le dedicó sábado y domingo? - HORAS","2","C","p6_22a_2_3","","00 - 45"
"Pregunta P6.22A.2.4  ¿Cuánto tiempo le dedicó sábado y domingo? - MINUTOS","2","C","p6_22a_2_4","","00 - 50"
"Pregunta P6.22.3 Durante la semana pasada, PARA ENTRETENERSE ¿usted sin hacer otra actividad revisó su correo electrónico, chateó o consultó redes sociales? (whatsapp, facebook, twitter, entre otros)","1","C","p6_22_3","p6_22_3","1,2"
"Pregunta P6.22A.3.1  ¿Cuánto tiempo le dedicó de lunes a viernes?  - HORAS","2","C","p6_22a_3_1","","00 - 80"
"Pregunta P6.22A.3.2  ¿Cuánto tiempo le dedicó de lunes a viernes? - MINUTOS","2","C","p6_22a_3_2","","00 - 55"
"Pregunta P6.22A.3.3  ¿Cuánto tiempo le dedicó sábado y domingo? - HORAS","2","C","p6_22a_3_3","","00 - 48"
"Pregunta P6.22A.3.4  ¿Cuánto tiempo le dedicó sábado y domingo? - MINUTOS","2","C","p6_22a_3_4","","00 - 58"
"Pregunta P6.22.4 Durante la semana pasada, PARA ENTRETENERSE ¿usted leyó algún libro, revista, periódico o artículo mediante algún dispositivo digital o impreso? (excluya si es por trabajo o estudio)","1","C","p6_22_4","p6_22_4","1,2"
"Pregunta P6.22A.4.1  ¿Cuánto tiempo le dedicó de lunes a viernes? - HORAS","2","C","p6_22a_4_1","","00 - 50"
"Pregunta P6.22A.4.2  ¿Cuánto tiempo le dedicó de lunes a viernes? - MINUTOS","2","C","p6_22a_4_2","","00 - 56"
"Pregunta P6.22A.4.3  ¿Cuánto tiempo le dedicó sábado y domingo? - HORAS","2","C","p6_22a_4_3","","00 - 48"
"Pregunta P6.22A.4.4  ¿Cuánto tiempo le dedicó sábado y domingo? - MINUTOS","2","C","p6_22a_4_4","","00 - 50"
"Pregunta P6.22.5 Durante la semana pasada, PARA ENTRETENERSE ¿usted realizó alguna otra actividad relacionada con el uso de internet como descargar archivos o consultar información en cualquier aparato o dispositivo? (excluya si es por trabajo o estudio)","1","C","p6_22_5","p6_22_5","1,2"
"Pregunta P6.22A.5.1  ¿Cuánto tiempo le dedicó de lunes a viernes? - HORAS","2","C","p6_22a_5_1","","00 - 80"
"Pregunta P6.22A.5.2  ¿Cuánto tiempo le dedicó de lunes a viernes? - MINUTOS","2","C","p6_22a_5_2","","00 - 59"
"Pregunta P6.22A.5.3  ¿Cuánto tiempo le dedicó sábado y domingo? - HORAS","2","C","p6_22a_5_3","","00 - 45"
"Pregunta P6.22A.5.4  ¿Cuánto tiempo le dedicó sábado y domingo? - MINUTOS","2","C","p6_22a_5_4","","00 - 55"
"Pregunta P6.23.1 Durante la semana pasada, ¿usted rezó, meditó o descansó sin hacer otra actividad?","1","C","p6_23_1","p6_23_1","1,2"
"Pregunta P6.23A.1.1 ¿Cuánto tiempo le dedicó de lunes a viernes? - HORAS","2","C","p6_23a_1_1","","00 - 80"
"Pregunta P6.23A.1.2 ¿Cuánto tiempo le dedicó de lunes a viernes? - MINUTOS","2","C","p6_23a_1_2","","00 - 59"
"Pregunta P6.23A.1.3 ¿Cuánto tiempo le dedicó sábado y domingo? - HORAS","2","C","p6_23a_1_3","","00 - 48"
"Pregunta P6.23A.1.4 ¿Cuánto tiempo le dedicó sábado y domingo? - MINUTOS","2","C","p6_23a_1_4","","00 - 58"
"Pregunta P6.23.2 Durante la semana pasada, ¿usted recibió alguna atención de salud, terapias, asistió a algún grupo de ayuda o se recuperó de alguna enfermedad?","1","C","p6_23_2","p6_23_2","1,2"
"Pregunta P6.23A.2.1  ¿Cuánto tiempo le dedicó de lunes a viernes? - HORAS","2","C","p6_23a_2_1","","00 - 99"
"Pregunta P6.23A.2.2  ¿Cuánto tiempo le dedicó de lunes a viernes? - MINUTOS","2","C","p6_23a_2_2","","00 - 59"
"Pregunta P6.23A.2.3  ¿Cuánto tiempo le dedicó sábado y domingo? - HORAS","2","C","p6_23a_2_3","","00 - 48"
"Pregunta P6.23A.2.4  ¿Cuánto tiempo le dedicó sábado y domingo? - MINUTOS","2","C","p6_23a_2_4","","00 - 50"
"Pregunta P6.23.3 Durante la semana pasada, ¿usted hizo otra actividad que no le haya mencionado anteriormente?","1","C","p6_23_3","p6_23_3","1,2"
"Pregunta P6.23.3C ¿Cuál?","4","C","p6_23_3c","","111-817"
"Pregunta P6.23A.3.1  ¿Cuánto tiempo le dedicó de lunes a viernes? - HORAS","2","C","p6_23a_3_1","","00 - 72"
"Pregunta P6.23A.3.2  ¿Cuánto tiempo le dedicó de lunes a viernes? - MINUTOS","2","C","p6_23a_3_2","","00 - 55"
"Pregunta P6.23A.3.3  ¿Cuánto tiempo le dedicó sábado y domingo? - HORAS","2","C","p6_23a_3_3","","00 - 48"
"Pregunta P6.23A.3.4  ¿Cuánto tiempo le dedicó sábado y domingo? - MINUTOS","2","C","p6_23a_3_4","","00 - 50"
"Pregunta P7.1.1 Por favor dígame, ¿cómo se siente con el tiempo que le dedicó la semana pasada a las actividades domésticas que hizo en su hogar?","1","C","p7_1_1","p7_1_1","1-3,8,9"
"Pregunta P7.1.2 Por favor dígame, ¿cómo se siente con el tiempo que le dedicó la semana pasada a sus clases, cursos o estudios?","1","C","p7_1_2","p7_1_2","1-3,8,9"
"Pregunta P7.1.3 Por favor dígame, ¿cómo se siente con el tiempo que le dedicó la semana pasada a su trabajo remunerado o actividad económica?","1","C","p7_1_3","p7_1_3","1-3,8,9"
"Pregunta P7.1.4 Por favor dígame, ¿cómo se siente con el tiempo que le dedicó la semana pasada a cuidar y apoyar a las personas de su hogar?","1","C","p7_1_4","p7_1_4","1-3,8,9"
"Pregunta P7.1.5 Por favor dígame, ¿cómo se siente con el tiempo que le dedicó la semana pasada a convivir con familiares y amigos?","1","C","p7_1_5","p7_1_5","1-3,8,9"
"Pregunta P7.1.6 Por favor dígame, ¿cómo se siente con el tiempo que le dedicó la semana pasada a los traslados a su trabajo o escuela?","1","C","p7_1_6","p7_1_6","1-3,8,9"
"Pregunta P7.1.7 Por favor dígame, ¿cómo se siente con el tiempo que le dedicó la semana pasada a hacer trámites, pagos o cobrar algún programa social que recibe o recibió?","1","C","p7_1_7","p7_1_7","1-3,8,9"
"Pregunta P7.1.8 Por favor dígame, ¿cómo se siente con el tiempo que le dedicó la semana pasada a hacer lo que realmente le gusta?","1","C","p7_1_8","p7_1_8","1-3,8"
"Pregunta P7.2.1 Por favor dígame, ¿cómo se siente con su vida en general?","1","C","p7_2_1","p7_2_1","1-5"
"Pregunta P7.2.2 Por favor dígame, ¿cómo se siente con su vida familiar?","1","C","p7_2_2","p7_2_2","1-5"
"Pregunta P7.2.3 Por favor dígame, ¿cómo se siente con su vida afectiva (con el cariño que da y recibe)?","1","C","p7_2_3","p7_2_3","1-5"
"Pregunta P7.2.4 Por favor dígame, ¿cómo se siente con su vida social?","1","C","p7_2_4","p7_2_4","1-5"
"Pregunta P7.2.5 Por favor dígame, ¿cómo se siente con su situación económica?","1","C","p7_2_5","p7_2_5","1-5"
"Pregunta P7.2.6 Por favor dígame, ¿cómo se siente con su vivienda?","1","C","p7_2_6","p7_2_6","1-5"
"Pregunta P7.3 En general, ¿qué tan feliz diría que es usted?","1","C","p7_3","p7_3","1-5"
"Tamaño de localidad","1","C","tloc","tloc","1-4"
"Estrato de diseño muestral","3","C","est_dis","","001-448"
"Clave de la unidad primaria de muestreo","4","C","upm_dis","","0001-4209"
"Factor personas","10","C","fac_per","","169-25355"
